VOLTAGE(V),2,10,11,13,14,15,19,20,21,24,27,29,30,31,43,44,45,46,47,48,49,50,51,53,54,55,56,57,58,60,61,62,63,64,70,73,74,75,76,86,92,121,125,126,127,128,134,135,136,137,335,523
-1.0,-0.020708670499999998,-0.0192247513,-0.0182764733,-0.0196020117,-0.021459434899999998,-0.020394895899999998,-0.0213859812,-0.018443235399999997,-0.0184220151,-0.016310174400000002,-0.016445361999999998,-0.0166107592,-0.0159676823,-0.0140785191,-0.0148775196,-0.0146406852,-0.0142552773,-0.015998932599999998,-0.015166132600000002,-0.014849436600000002,-0.0151801083,-0.0151464965,-0.011667361999999999,-0.0124258733,-0.0117111275,-0.0128256535,-0.0118483309,-0.0121457812,-0.0123471993,-0.0117354309,-0.012576433800000002,-0.0112015038,-0.0120120513,-0.0119934818,-0.0125282174,-0.012332633199999998,-0.0107932405,-0.0113042823,-0.011792801,-0.012222175,-0.0126175773,-0.0102138942,-0.0097476246,-0.010456774399999999,-0.0106901914,-0.0106610338,-0.0098940154,-0.0099953569,-0.010630334299999999,-0.0106631626,-0.008097532599999999,-0.0086870225
-0.98,-0.0196071705,-0.0183231513,-0.017349873300000002,-0.0178646117,-0.0200698349,-0.020438095899999998,-0.020473281200000002,-0.0172522354,-0.0178398151,-0.0147559744,-0.015285461999999998,-0.0161207592,-0.014721482299999998,-0.013500619100000001,-0.0133191196,-0.013203285200000001,-0.0139114773,-0.0142668326,-0.0137473326,-0.0146767366,-0.0142108083,-0.014300396500000001,-0.011623162,-0.0120522733,-0.010655127499999998,-0.012130753499999999,-0.0112449309,-0.011643981199999999,-0.011153299299999999,-0.010857130900000001,-0.012049933799999999,-0.0111266038,-0.010784351300000002,-0.0113954818,-0.0109508174,-0.0102231332,-0.0105785405,-0.010284382299999999,-0.010794200999999998,-0.012095475,-0.0119846773,-0.0098267842,-0.0098049646,-0.0100875744,-0.0097945914,-0.0083730238,-0.0092098754,-0.009046436900000001,-0.0101096343,-0.0095648726,-0.0077836526,-0.007031682500000001
-0.96,-0.017952370500000002,-0.017749651300000002,-0.0160219733,-0.0180172117,-0.018208734899999995,-0.0194311959,-0.019184281200000004,-0.0172145354,-0.0154474151,-0.014469274399999999,-0.014318862,-0.0167097592,-0.0140672823,-0.013371319100000001,-0.0126906196,-0.0123947852,-0.0123340773,-0.0126513326,-0.0130658326,-0.0131564366,-0.013255308300000001,-0.0130199965,-0.011148061999999999,-0.011314173299999999,-0.010250327499999998,-0.0115905535,-0.0106762309,-0.0113608812,-0.010695299299999999,-0.010193430900000001,-0.011677933800000002,-0.0095796538,-0.0108879513,-0.010704681800000001,-0.0118636174,-0.010072633199999998,-0.0098644505,-0.0100493823,-0.010123301,-0.010923974999999999,-0.010825477299999999,-0.0091689842,-0.0091108046,-0.0096458244,-0.009354711399999998,-0.007988093800000002,-0.008808015399999999,-0.008421656900000001,-0.009933354299999999,-0.008574252599999999,-0.0073083626,-0.0066095625
-0.94,-0.017191770500000002,-0.0164732513,-0.0149131733,-0.016222811700000003,-0.017420934899999997,-0.018000495899999996,-0.0181420812,-0.016376835399999998,-0.014080415099999999,-0.0138795744,-0.014585161999999999,-0.0153533592,-0.0138361823,-0.012584919100000001,-0.0118679196,-0.012187385200000001,-0.011319677299999999,-0.012189732600000001,-0.0145301326,-0.011438736599999999,-0.0131068083,-0.013101296500000002,-0.009918572,-0.0111633733,-0.009313697499999999,-0.0106638535,-0.010168230900000002,-0.010471781199999999,-0.0102129993,-0.0099275109,-0.0110057338,-0.0091617138,-0.0104981513,-0.0104226818,-0.011039817399999999,-0.009064193199999999,-0.0093898805,-0.009518862299999998,-0.009551641,-0.010609374999999999,-0.0104704773,-0.0082836142,-0.008555534599999998,-0.0091997344,-0.0089010014,-0.007687453800000001,-0.0082952954,-0.0083136569,-0.0094273043,-0.008514642599999999,-0.006907102599999999,-0.0062611125
-0.92,-0.016179370499999998,-0.014567451300000001,-0.014322473300000001,-0.016423911700000002,-0.0157814349,-0.0171761959,-0.017617081200000002,-0.0155785354,-0.0135965151,-0.013597374399999999,-0.013713162,-0.013979459199999999,-0.0131526823,-0.0117185191,-0.0105130196,-0.011897785199999998,-0.0105334773,-0.012388032600000001,-0.0139526326,-0.010987436599999999,-0.0121059083,-0.012488496500000001,-0.009317282,-0.0104886733,-0.0089912375,-0.0100238535,-0.009655000900000002,-0.009717221199999999,-0.009573219299999998,-0.009359480900000001,-0.010250833800000001,-0.0090427438,-0.0098302413,-0.0096081518,-0.010055217399999998,-0.0079009532,-0.0085777005,-0.008900762299999998,-0.008809920999999998,-0.010275375,-0.009662627299999999,-0.007569904200000001,-0.0080633146,-0.008472204399999999,-0.0075501214,-0.0077449038,-0.0076701654,-0.007784126899999999,-0.0088378143,-0.008149502599999999,-0.006556152599999999,-0.005929832499999999
-0.9,-0.0146252705,-0.0137535513,-0.0142251733,-0.0152725117,-0.014935834900000002,-0.015611095900000002,-0.0168215812,-0.014644535399999999,-0.013696815099999999,-0.0130065744,-0.012274061999999999,-0.0129752592,-0.0127136823,-0.0108483191,-0.0101930196,-0.0109549852,-0.0100952773,-0.0114921326,-0.0130561326,-0.0112291366,-0.0108740083,-0.011586196500000001,-0.009121652,-0.0098792333,-0.0087879875,-0.0097364235,-0.0090602609,-0.0091481212,-0.009292359299999999,-0.0086299209,-0.0095387738,-0.008201833799999999,-0.008495211300000001,-0.0089893318,-0.010159817399999998,-0.008262993199999999,-0.008182760499999999,-0.0085945123,-0.008567930999999999,-0.009896994999999999,-0.0096187573,-0.0071185842,-0.0074254246,-0.007833364399999999,-0.007369041399999999,-0.0075238938,-0.0072386254,-0.007671596899999999,-0.008433224299999998,-0.0078914126,-0.0062179526,-0.0060548825
-0.88,-0.0131097705,-0.0129916513,-0.0133119733,-0.014127011699999999,-0.014202734900000001,-0.015091295900000001,-0.0156905812,-0.0135119354,-0.013075015099999998,-0.0124609744,-0.010987862,-0.012457859200000001,-0.0117627823,-0.0106081191,-0.0097447596,-0.0103569852,-0.0094946673,-0.0127552326,-0.0120231326,-0.0109797366,-0.0103191083,-0.0109810965,-0.008541941999999999,-0.009594323299999999,-0.008318187500000001,-0.0092880735,-0.0085338309,-0.008859631199999999,-0.0091780393,-0.008129480900000001,-0.009206173800000002,-0.007612343800000001,-0.0081770413,-0.008467911800000002,-0.0091514574,-0.008181933199999998,-0.007570150499999999,-0.0082324723,-0.007725121,-0.009429335,-0.0088826373,-0.0068104242,-0.0070060446,-0.0074923044,-0.0067583313999999995,-0.0082899338,-0.0069413154,-0.0070167769,-0.0078723443,-0.007534262599999999,-0.0059571226,-0.0056833025
-0.86,-0.0126634705,-0.011772351300000001,-0.0126815733,-0.013153911700000001,-0.0137937349,-0.0135441959,-0.015025481200000001,-0.0130056354,-0.012076015099999999,-0.0114645744,-0.010759662,-0.0114072592,-0.0117851823,-0.0100801191,-0.0092381196,-0.0095241052,-0.009579537300000001,-0.012338532600000002,-0.0113153326,-0.0102759366,-0.0102500083,-0.0105928965,-0.008111122,-0.0091680333,-0.0079617475,-0.0087276735,-0.008338690900000001,-0.0087351812,-0.008733869299999999,-0.0079934609,-0.008954763800000001,-0.007496953799999999,-0.0077557513000000005,-0.0084844818,-0.0086253874,-0.007609363199999999,-0.007581230500000001,-0.007896422299999999,-0.007303711,-0.008875255,-0.0085539773,-0.0065245642,-0.006531954600000001,-0.0070059344,-0.0068125714,-0.007681013800000001,-0.0063458654,-0.0066280369,-0.0073385243,-0.0069636125999999994,-0.0058267126,-0.0056489725
-0.84,-0.012681970499999999,-0.012750251300000001,-0.0122339733,-0.0126693117,-0.012705234900000001,-0.012796595899999999,-0.0141700812,-0.012034535399999999,-0.011304215099999999,-0.0103891744,-0.010591062,-0.0107971592,-0.0108879823,-0.0095947991,-0.0088733396,-0.009146685199999999,-0.0095679773,-0.0103705326,-0.010900632600000001,-0.0096489166,-0.010054308300000002,-0.0095735765,-0.007940172,-0.008697633299999999,-0.0074841974999999995,-0.007765173499999999,-0.0078145309,-0.0081566612,-0.0082218693,-0.007566570900000001,-0.0084059238,-0.0070337038,-0.0075506013,-0.0080252918,-0.0081278074,-0.0070511132,-0.007270450500000001,-0.0071386123000000004,-0.006955621,-0.008629205000000001,-0.0075561973,-0.0061777842,-0.0061855346000000005,-0.0069359543999999995,-0.0062516913999999995,-0.0069427538,-0.0061374854,-0.0063885469,-0.0069510943,-0.0067400926,-0.0055168826,-0.0053293724999999995
-0.82,-0.0118840705,-0.0124168513,-0.0114348733,-0.0122692117,-0.0120700349,-0.012166895899999999,-0.013380481199999999,-0.0113299354,-0.010490415099999999,-0.009721514399999999,-0.010083961999999998,-0.0102903592,-0.0099170223,-0.0092060591,-0.0081978996,-0.008601065199999999,-0.008413907299999999,-0.0106762326,-0.0107764326,-0.0088707166,-0.0093170383,-0.0097717065,-0.007569432000000001,-0.008300783300000001,-0.0066890675000000005,-0.0071828335,-0.007471920899999999,-0.0071053512,-0.0079421993,-0.0074361609000000006,-0.007963423800000001,-0.0066441338,-0.006922481300000001,-0.0072550818,-0.0078145274,-0.0066583132,-0.0069398905,-0.006747122300000001,-0.0065133610000000005,-0.008060575,-0.0068986373,-0.005689144199999999,-0.0061782645999999995,-0.0066440144,-0.0057902314,-0.0066909838,-0.0057740254000000005,-0.006045576899999999,-0.0065207443,-0.0063017626,-0.005227682599999999,-0.0048992625
-0.8,-0.0115582705,-0.0120491513,-0.0106270733,-0.0114158117,-0.011822434900000001,-0.011316695900000001,-0.012148181199999998,-0.0102021354,-0.0101451151,-0.0089784844,-0.009542581999999999,-0.0098230792,-0.0091061623,-0.009048459100000001,-0.0078183396,-0.0077261952,-0.0079709273,-0.0079413626,-0.009831542600000001,-0.0087664166,-0.008605598300000001,-0.008918646500000002,-0.007165912,-0.0072252733,-0.006340267500000001,-0.0065506735,-0.0072759409,-0.0068144812,-0.0071119093,-0.0070095109,-0.0074616638,-0.0064363438,-0.0066934813,-0.007246971800000001,-0.0073481774,-0.0064345632,-0.0064522005,-0.006394262300000001,-0.006055001,-0.007612104999999999,-0.0064392073,-0.0054281942,-0.0055892446,-0.0060794344,-0.0054696814,-0.005982163800000001,-0.0055626654,-0.0055606369,-0.006174684299999999,-0.0059622526,-0.004920842599999999,-0.004874472499999999
-0.78,-0.0115382705,-0.0114421513,-0.0102511733,-0.010940211699999999,-0.0109778349,-0.0110975959,-0.011527081199999999,-0.0096565454,-0.009102705099999999,-0.0084193944,-0.009127621999999998,-0.0088652392,-0.0082302123,-0.0081932591,-0.007514239599999999,-0.0071148852,-0.0073854973,-0.007615092599999999,-0.0090045926,-0.0078370566,-0.0086368283,-0.008480666500000001,-0.006712082,-0.0071723433,-0.0059169575,-0.006227373499999999,-0.0068819509,-0.0064003512,-0.0068486893,-0.0065996609,-0.006666063799999999,-0.0059771538,-0.0064516113,-0.0069448918,-0.0070297674,-0.0057948832,-0.0060757405,-0.0061187723,-0.005710601,-0.006968375,-0.005966897299999999,-0.0052965842,-0.0051480546,-0.0054757543999999995,-0.005087971399999999,-0.0052222038,-0.0051565154000000005,-0.0053479669,-0.0058524643000000005,-0.005677822599999999,-0.0047479826,-0.0046349725
-0.76,-0.010055670499999999,-0.0102431513,-0.0098636133,-0.0098680217,-0.010152234900000001,-0.0109298959,-0.0111169812,-0.009142755399999999,-0.0083757651,-0.008070354399999998,-0.008925912,-0.0084384692,-0.007775072299999999,-0.008058549100000001,-0.006830099599999999,-0.006638525199999999,-0.0068249673,-0.0066310126,-0.0084294126,-0.007416846600000001,-0.0082867183,-0.007918596500000001,-0.006311182,-0.0068976833,-0.0055434675000000004,-0.0058481735,-0.0064672209,-0.0059247012,-0.0061831493,-0.0059256509,-0.0063074838,-0.0056338338,-0.006217961300000001,-0.006575701800000001,-0.0065500774,-0.0054317732,-0.0058130005,-0.0057573323,-0.005453711,-0.006548765,-0.0060141073,-0.0050557842,-0.0048161746,-0.0051789244,-0.0048413314,-0.0047674138,-0.0049084454,-0.0050538769,-0.005517244300000001,-0.0052680926,-0.0045290026,-0.0044608125
-0.74,-0.0095379305,-0.0095390113,-0.009206653300000001,-0.0092449217,-0.009687784900000001,-0.0102536959,-0.010107181199999999,-0.008859995399999999,-0.007852555099999999,-0.007757424400000001,-0.008025642,-0.0079503092,-0.0072999023,-0.0074778791,-0.0064644796,-0.0062912652,-0.006191377299999999,-0.0060701326,-0.008015032600000001,-0.0070725666,-0.0077778083,-0.0070435965,-0.005885482,-0.0066719033,-0.005291457500000001,-0.0055204634999999995,-0.006026980899999999,-0.005439161200000001,-0.005609269300000001,-0.005557180899999999,-0.0060408138,-0.0053074338,-0.005972741300000001,-0.006216291800000001,-0.0061147174000000006,-0.0051379232,-0.0053370005,-0.0054106723,-0.004975081,-0.006282685,-0.0061345073,-0.0047845842,-0.0045489046,-0.004703524400000001,-0.0045692914,-0.0043286038,-0.0046433254,-0.0047516869000000005,-0.005160804299999999,-0.0050965526,-0.004318832599999999,-0.0042357424999999995
-0.72,-0.0090056705,-0.008543731300000001,-0.0086634133,-0.0090184217,-0.0091366749,-0.0095561759,-0.009035111200000001,-0.0084900854,-0.0071144151,-0.0073770243999999995,-0.007381202,-0.0072646192,-0.0069056723,-0.0069606291,-0.0058253995999999995,-0.0058383952,-0.0058617573,-0.0056381226,-0.007552862599999999,-0.0065702166000000005,-0.007234808299999999,-0.0067325865,-0.005537032,-0.0062792333,-0.0049957075,-0.005286453500000001,-0.005441310899999999,-0.0055923412,-0.005454299300000001,-0.005113480899999999,-0.0055142638,-0.0050383838,-0.0056772213,-0.0058146718,-0.0053648974000000006,-0.0047843432,-0.0050711605000000005,-0.0050383823,-0.004724741,-0.005706785,-0.0054410673,-0.0045800242,-0.0043790346,-0.004358534399999999,-0.0044019214,-0.0040955538,-0.0041593354,-0.0045146969,-0.004923344299999999,-0.0047713526,-0.0041065226,-0.0040032825
-0.7,-0.0084606405,-0.0088410413,-0.0081877733,-0.007974501699999999,-0.0086363549,-0.009338615900000001,-0.0086622212,-0.0083110354,-0.0067790751,-0.006941554400000001,-0.006469012,-0.006851909200000001,-0.0063855623,-0.006375079099999999,-0.0054490596,-0.005370375199999999,-0.0055022273,-0.0048192726,-0.006767632599999999,-0.0062800666,-0.0068478583,-0.005907536499999999,-0.005393382,-0.0059094433,-0.0046493975,-0.0049827134999999995,-0.0051580709,-0.0052245812,-0.0051635493000000005,-0.0049575609,-0.0051922838,-0.0048168938,-0.0054010113,-0.0057669918,-0.005178807400000001,-0.004310133200000001,-0.0048297605,-0.0046948223,-0.004409191000000001,-0.0051105049999999996,-0.0050085773,-0.0042023642,-0.0041775746,-0.0040726644,-0.0042394414,-0.0038616638,-0.0039101854,-0.0042736569000000005,-0.0046118543,-0.0044465026,-0.0038807426,-0.0038969525
-0.68,-0.007994890499999999,-0.008001561300000001,-0.007754323300000001,-0.0077832917,-0.008226154900000001,-0.0088663059,-0.0080095512,-0.0077512254,-0.0064549451,-0.006298664400000001,-0.0058734419999999996,-0.0066506892000000005,-0.0059235123,-0.0061179391,-0.0050904795999999995,-0.0053400952,-0.0049946273,-0.004731292599999999,-0.006398442599999999,-0.0058127666,-0.0064775983,-0.0056980864999999995,-0.005276442,-0.0054365433,-0.0045636875,-0.004687423499999999,-0.0047432209,-0.0046180512,-0.0046490393,-0.004787330899999999,-0.0049701938,-0.0047801738,-0.0051240913,-0.0055679118,-0.004934907400000001,-0.0040848232,-0.0045884805,-0.0043753423,-0.004273411,-0.005010845,-0.0047414273,-0.0040555042,-0.0039203146,-0.0038627344,-0.0037865614000000005,-0.0036246738,-0.0037443653999999996,-0.0040615769,-0.0042692443,-0.0041952126,-0.0037252926,-0.0036717625
-0.66,-0.0078723405,-0.0087981213,-0.0073614133,-0.0071524417000000005,-0.0078240649,-0.0085703159,-0.007464291200000001,-0.0069055554,-0.0062556250999999995,-0.0059473544,-0.005510332,-0.0061801692,-0.0055453823,-0.0060180391,-0.0046609596,-0.0048407352,-0.0046018373,-0.004401322599999999,-0.0056918826,-0.0058766566,-0.0057775983,-0.005473496499999999,-0.004976272,-0.0051734433,-0.0042581575,-0.004253503499999999,-0.0045015809,-0.0045145712,-0.0045726293,-0.0045859809,-0.0048816238,-0.0044876338,-0.0049259613,-0.0049790118000000005,-0.004801277400000001,-0.0038720331999999996,-0.0044498405,-0.0040203323,-0.0039815910000000005,-0.004901285,-0.0042902273,-0.0038677442000000003,-0.0036352846,-0.0036039344,-0.0035918914,-0.0034351337999999998,-0.0035651954,-0.0039067269,-0.0041252343,-0.003951192599999999,-0.0035765125999999998,-0.0033117525
-0.64,-0.0073235005,-0.0086650813,-0.0070894933,-0.0064635317,-0.0077134349,-0.0080310159,-0.0070523012,-0.006922955400000001,-0.0059856151,-0.005632994399999999,-0.005538462,-0.0057587592000000005,-0.0053981523,-0.0055737491,-0.0044250496,-0.0045469952,-0.0043489973,-0.0040134226,-0.005295872599999999,-0.0055891266,-0.0052177883,-0.0054776665,-0.004671092,-0.0049564833,-0.0041277375,-0.0040127035,-0.004239800899999999,-0.0041906812,-0.0044144393,-0.0043211009,-0.0045156438,-0.0040092438,-0.004560711300000001,-0.0047109118,-0.0045162474,-0.0035913031999999998,-0.0040072205,-0.0037472223000000002,-0.0038116009999999995,-0.004555705,-0.0042440873,-0.0037184941999999993,-0.0034998646,-0.0033593144,-0.0034190414,-0.0031988638,-0.0033918653999999997,-0.0035715068999999998,-0.0039888643000000005,-0.0036579326000000002,-0.0034949826,-0.0032508325
-0.62,-0.0070580205000000005,-0.0079730713,-0.0063763833,-0.0061596617,-0.0075939849,-0.0074696559,-0.006824131200000001,-0.0063902154000000004,-0.0054907751,-0.005164744399999999,-0.005029682,-0.0055050892,-0.0049991623,-0.0052533191,-0.0042012896,-0.0042232252,-0.004106517299999999,-0.0036726026000000003,-0.0047665826,-0.0051597366,-0.005152348299999999,-0.0054076865,-0.0046001720000000005,-0.0046412933,-0.0039060075000000006,-0.0039432035,-0.0040416709,-0.0039674012,-0.0043292093,-0.0041779309,-0.0042229938,-0.0037906138,-0.0042760413,-0.0044212318,-0.004173997400000001,-0.0036088232000000002,-0.0037441205,-0.0035948723,-0.003470781,-0.004406574999999999,-0.0040180673,-0.0035423042,-0.0033887646000000005,-0.0030882343999999997,-0.0032238914,-0.0030349538000000002,-0.0032764654,-0.0034058069,-0.0036237243,-0.0034365626000000004,-0.0034821026,-0.0031000325
-0.6,-0.0070288205,-0.0071489813,-0.0062778033,-0.0058220617,-0.0073192149,-0.0067689459,-0.0066200512,-0.0058137154,-0.0050698550999999994,-0.0048164144,-0.004675512000000001,-0.005220649200000001,-0.004631282300000001,-0.0049335991,-0.0039131596,-0.0039955352,-0.0038113572999999997,-0.0033848326,-0.0042088025999999995,-0.0049549366,-0.004769208299999999,-0.0049062965,-0.004311082,-0.0042213233,-0.0037258875000000004,-0.0037620034999999996,-0.0039130408999999994,-0.0038616612,-0.0040392893,-0.0041123609,-0.0039306838,-0.0035234738000000003,-0.0039773013000000005,-0.0041538518,-0.0038266173999999997,-0.0034248832,-0.0035767505000000002,-0.0033905523,-0.003224851,-0.004191874999999999,-0.0037755972999999996,-0.0033171141999999995,-0.0032037446,-0.0029046544,-0.0030820414,-0.0029042938,-0.0030930054,-0.0031956468999999998,-0.0034139142999999998,-0.0032973326000000002,-0.0033278426000000003,-0.0029240825
-0.58,-0.0067627405,-0.007066961300000001,-0.0059423433,-0.0056214316999999995,-0.007469894900000001,-0.0063078359,-0.0058854812,-0.0053690654,-0.0047780251,-0.0046685944,-0.004279492,-0.0048803092,-0.0042452823,-0.0046477291,-0.0037041896000000003,-0.0037928852000000002,-0.0035796172999999995,-0.0031765726,-0.004761102599999999,-0.0044999166,-0.004562018299999999,-0.0045962365,-0.003965382,-0.0041238033,-0.0034457475,-0.0034881835,-0.0036637809000000005,-0.0036293311999999996,-0.0039076793,-0.0038175609,-0.0037705938,-0.0034822238000000003,-0.0037627213000000002,-0.0039476118000000004,-0.0035089274,-0.0030859732,-0.0032893404999999997,-0.0032680023,-0.0030312510000000004,-0.003944995000000001,-0.0035541072999999996,-0.0031286442,-0.0030491346000000004,-0.0027409744,-0.0029151414,-0.0027437238000000003,-0.0029314754,-0.0030698769,-0.0031851543,-0.0031099326,-0.0031030226,-0.0027778125
-0.56,-0.0061643105,-0.0064517213,-0.0054868433000000005,-0.0051161017,-0.0065493549,-0.005721325900000001,-0.005713941199999999,-0.0050456554,-0.0045318651,-0.0042707944,-0.004097822,-0.0045783492,-0.0041562323,-0.0042445691,-0.0036266996,-0.0036092952000000003,-0.0031768073,-0.0029855926,-0.004436372599999999,-0.0041880566,-0.0044867983,-0.0048400165,-0.0035173920000000003,-0.0040253433,-0.0031733475,-0.0031561835,-0.0033026909,-0.0035399211999999998,-0.0034835293,-0.0036644909,-0.0035727038,-0.0031795538,-0.0034349013,-0.0036780818,-0.0033003074,-0.0030146832,-0.0030732105,-0.0030847822999999996,-0.0028066610000000002,-0.003556605,-0.0031819373,-0.0030081242,-0.0028992846,-0.0026116344,-0.0027728113999999997,-0.0026440638,-0.0027643454,-0.0028973769,-0.0030257743,-0.0029038225999999997,-0.0028163225999999998,-0.0026888825
-0.54,-0.0056872405,-0.005243781300000001,-0.0055929433,-0.0047236717,-0.0059834749,-0.0053317558999999995,-0.0053275812,-0.0049023654,-0.0041757851,-0.0040863744,-0.0038410420000000002,-0.0042490992,-0.0038772822999999994,-0.0039898191,-0.0033582496,-0.0034027052,-0.0029945373,-0.0027703026,-0.0041524126,-0.0039142366,-0.0037964583,-0.0047477464999999995,-0.003232722,-0.0036669933000000004,-0.0030380474999999996,-0.0029450634999999997,-0.0031030209,-0.0031535611999999997,-0.0033533593,-0.0034871109,-0.0032899338,-0.0030365038,-0.0031602413,-0.0033866118,-0.0031182774,-0.0026789932000000002,-0.0029007205,-0.0028358723000000002,-0.0026766109999999997,-0.0030919349999999996,-0.0029866673,-0.0028208541999999994,-0.0026856646,-0.0024672744,-0.0025451214,-0.0024257938,-0.0026583653999999995,-0.0027254869,-0.0028734243,-0.0027793626,-0.0026803026,-0.0025442825
-0.52,-0.0053502305,-0.0055298813,-0.0055125933,-0.0043902417,-0.0055565849,-0.0047528759,-0.0044069312,-0.004487155400000001,-0.0040014951,-0.0040458444,-0.003604772,-0.0040342792,-0.0035896323,-0.0037579491,-0.0032106596,-0.0030441252,-0.0028567273,-0.0025377226000000003,-0.0037125326000000004,-0.0036071566000000005,-0.0036288483,-0.0040649165,-0.0031266220000000003,-0.0033063933,-0.0028053475,-0.0028476734999999995,-0.0028704409,-0.0028942812,-0.0030748893,-0.0032081609,-0.0029495937999999998,-0.0027831838,-0.0029690313,-0.0029633017999999996,-0.0027918774,-0.0024985032,-0.0026941305,-0.0026793523,-0.0025234210000000005,-0.002979995,-0.0026742172999999997,-0.0026416741999999997,-0.0025343846,-0.0022870344,-0.0023865714000000002,-0.0023175438,-0.0025043454,-0.0025569169,-0.0026711242999999996,-0.0025451225999999997,-0.0025342726,-0.0023670225
-0.5,-0.0051749905,-0.0051777313,-0.0045576133,-0.0040390517,-0.0050569749,-0.0045962359,-0.0040457212000000005,-0.004256365400000001,-0.0036892851,-0.0038787144,-0.003440382,-0.0037473391999999998,-0.0034685123,-0.0035952291,-0.0029839296,-0.0028827152,-0.0027602873,-0.0023968226,-0.0033743426,-0.0034961666,-0.0034780483,-0.0035748464999999998,-0.0029724820000000002,-0.0031234033,-0.0025204375,-0.0026472834999999996,-0.0026598009000000002,-0.0027316812,-0.0028486293,-0.0030806109,-0.0027872338,-0.0025696738,-0.0027581412999999996,-0.0029299218,-0.0026503774,-0.0023294732,-0.0025812405,-0.0025241422999999997,-0.0024806310000000005,-0.0027689950000000002,-0.0025998373,-0.0025100742000000002,-0.0023888346,-0.0021423144,-0.0022667614,-0.0022292138,-0.0023909853999999997,-0.0023576069000000002,-0.0025490543,-0.0024304426,-0.0023462725999999997,-0.0022010825
-0.48,-0.0047524005,-0.0049059413,-0.0042191733,-0.0037802417,-0.0051277849,-0.0042365759,-0.0037684411999999996,-0.0039918454,-0.0034122451,-0.0035661444,-0.0034843720000000003,-0.0036501892,-0.0033668323,-0.0034069991000000004,-0.0028612596000000003,-0.0027619552,-0.0025413072999999997,-0.0022138326,-0.0031422426,-0.0032472566000000002,-0.0033168783,-0.0033363065,-0.0027357320000000003,-0.0030168333,-0.0023137375,-0.0024813434999999997,-0.0025159109,-0.0025506012,-0.0026506193,-0.0028706809,-0.0026900738,-0.0022763037999999998,-0.0026649213,-0.0030061017999999996,-0.0025154374,-0.0021315832,-0.0024687005,-0.0024467723,-0.0023876410000000002,-0.002568125,-0.0024685873,-0.0024364041999999997,-0.0022363646,-0.0020581444,-0.0021148914000000004,-0.0021016638,-0.0022661654,-0.0022290969,-0.0023994443,-0.0023279226000000003,-0.0021419525999999997,-0.0020998725
-0.46,-0.0045845505,-0.0046660913,-0.0039728833000000005,-0.0034981917,-0.004625324900000001,-0.0037440059,-0.0035069012,-0.0038617853999999992,-0.0033921051000000003,-0.0029721243999999997,-0.003137592,-0.0035308592,-0.0031121923,-0.0031880091,-0.0025714596,-0.0025357052,-0.0023728573,-0.0021069025999999997,-0.0029059626,-0.0029518566000000003,-0.0032258083,-0.0031981465000000004,-0.002519252,-0.0027853233,-0.0021972675000000003,-0.0023018134999999995,-0.0023692809,-0.0024317512,-0.0024400993,-0.0026893609000000003,-0.0024492738000000003,-0.0022017938,-0.0023855013,-0.0027581418000000003,-0.0023208874,-0.0020084332,-0.0022888204999999997,-0.0023176623,-0.002170081,-0.0023953950000000002,-0.0023889573,-0.0023089642,-0.0020771046000000004,-0.0019484744,-0.0019758914,-0.0019840038,-0.0021305053999999997,-0.0020767469,-0.0022493643,-0.0022017926,-0.0020059326,-0.0019818525000000003
-0.44,-0.0042957105,-0.0038565413,-0.0036822533,-0.0032836217,-0.0044054949,-0.0034532559,-0.0033689712,-0.0036997754,-0.0032695551,-0.0027732843999999997,-0.002947922,-0.0031336591999999996,-0.0029417323,-0.0025815991000000004,-0.0023730996000000002,-0.0023287552,-0.0021823673,-0.0020250126,-0.0026612326,-0.0027911666,-0.0030976483000000003,-0.0030333965,-0.0024094620000000002,-0.0025731333,-0.0020374075,-0.0021500634999999995,-0.0022761809,-0.0022498412,-0.0023816793,-0.0025627609,-0.0021767638,-0.0021395638,-0.0021463613,-0.0025491717999999997,-0.0021734274,-0.0023317332,-0.0021412404999999997,-0.0021702022999999997,-0.002025361,-0.002207045,-0.0022702173,-0.0021539942,-0.0019547946,-0.0018000644000000002,-0.0018457214,-0.0018361838000000002,-0.0020024754,-0.0019364369,-0.0020924843,-0.0020499226000000002,-0.0019097326000000001,-0.0018670525
-0.42,-0.0038720404999999995,-0.0035100013,-0.0034419333000000004,-0.0031459316999999996,-0.0039668049,-0.0033012659,-0.0030462711999999998,-0.0031938554,-0.0029979951000000003,-0.0026094944,-0.0027183320000000004,-0.0028840292,-0.0027768623,-0.0024176791000000003,-0.0021270496,-0.0021451752,-0.0019963972999999997,-0.0018593026,-0.0025417826,-0.0025416566,-0.0028455283,-0.0027059365000000005,-0.002259492,-0.0023849033000000004,-0.0018956675,-0.0019935334999999998,-0.0021245509,-0.0020849711999999998,-0.0021988193,-0.0023217209000000005,-0.0018260438,-0.0018864838,-0.0021342013,-0.0024290118,-0.0020210773999999997,-0.0022064432000000003,-0.0020152305,-0.0020892623,-0.001908301,-0.002028465,-0.0020859273,-0.0020066541999999997,-0.0018283145999999997,-0.0017063643999999998,-0.0017025514000000002,-0.0017383137999999999,-0.0018653854,-0.0018218769,-0.0018653843,-0.0019011526,-0.0018674126000000001,-0.0017520225
-0.4,-0.0036391005,-0.0034822213,-0.0032379633,-0.0029745117,-0.0038192249,-0.0031204259000000003,-0.0028860612,-0.0029799953999999997,-0.0027544451000000004,-0.0024154144,-0.0025048220000000003,-0.0027004492,-0.0025835023,-0.0023169491000000005,-0.0020228596000000003,-0.0020060552,-0.0019050872999999996,-0.0017367626,-0.0023535526,-0.0024121966,-0.0025911283000000004,-0.0024611965000000003,-0.001973152,-0.0021576833,-0.0018122175,-0.0019028235,-0.0019221308999999998,-0.0020058111999999998,-0.0020043892999999998,-0.0021448109000000003,-0.0016905038000000002,-0.0017473738,-0.0019497912999999999,-0.0022565118,-0.0018991274,-0.0016976632,-0.0018467905000000002,-0.0019395323000000002,-0.001749281,-0.0018932850000000002,-0.0019496673000000003,-0.0017999442,-0.0016744146,-0.0016192244,-0.0016093214,-0.0016213638,-0.0017526154,-0.0017061269,-0.0017985142999999999,-0.0017678726,-0.0017339026,-0.0016540325
-0.38,-0.0030983704999999998,-0.0034378813000000004,-0.0030418633,-0.0025628816999999997,-0.0035459948999999997,-0.0029077559000000005,-0.0027097512,-0.0028576853999999997,-0.0025026751,-0.0023221944,-0.002263662,-0.0024659592,-0.0023719023,-0.0020545691,-0.0019071095999999997,-0.0018712252000000003,-0.0018558473000000002,-0.0015668826000000001,-0.0020039126,-0.0020743566000000005,-0.0023641583,-0.0021873665000000002,-0.0017859920000000001,-0.0019687433000000003,-0.0016825175,-0.0017809835,-0.0017910009,-0.0018076911999999998,-0.0018655092999999999,-0.0020375209,-0.0015960938,-0.0016756038,-0.0017581013,-0.0021045218,-0.0017346174,-0.0015765432,-0.0017347305,-0.0017540423,-0.001654741,-0.001783605,-0.0018069773,-0.0017186442,-0.0015699846,-0.0015236143999999999,-0.0015587814,-0.0015369638,-0.0016269654,-0.0016100369000000001,-0.0017135142999999999,-0.0016262526000000001,-0.0016135026000000002,-0.0015245725
-0.36,-0.0028076205,-0.0033240313,-0.0030075333000000003,-0.0022401816999999997,-0.0032508348999999996,-0.0025423759000000002,-0.0026576512,-0.0026576554,-0.0022906051,-0.0020130843999999998,-0.0020617219999999998,-0.0022346991999999998,-0.0021609023,-0.0019159290999999996,-0.0017756196,-0.0017510652,-0.0017133973,-0.0015015626,-0.0018655025999999998,-0.0019246366,-0.0022023883,-0.0020364565000000005,-0.001677632,-0.0017756233,-0.0014833175,-0.0016512835,-0.0017062408999999998,-0.0016523611999999998,-0.0016763192999999998,-0.0019658809,-0.0014647238,-0.0015565138,-0.0016068213,-0.0019123518,-0.0016437774,-0.0014370632,-0.0016057505000000001,-0.0016357923,-0.0015485310000000001,-0.0016721449999999999,-0.0016404373000000001,-0.0016009842,-0.0014829645999999998,-0.0014094144,-0.0014574514,-0.0014398138,-0.0015096654,-0.0015261169,-0.0015540143,-0.0015569926,-0.0015070426,-0.0014264625
-0.34,-0.0026285605,-0.0030330413000000003,-0.0024888533,-0.0020275117,-0.0030784649,-0.0023274459000000003,-0.0023399612000000003,-0.0023477054,-0.0022467351,-0.0018694444000000002,-0.0019606320000000003,-0.0019460892,-0.0019222523,-0.0017875391,-0.0016517595999999998,-0.0016188651999999998,-0.0014700873,-0.0014126326,-0.0017353326,-0.0017198366,-0.0019947283,-0.0018485765000000002,-0.0014883320000000002,-0.0016396033000000002,-0.0013653075,-0.0015356535,-0.0015999108999999998,-0.0015050212,-0.0015110992999999998,-0.0017751409,-0.0013453938000000001,-0.0014086938,-0.0015136013,-0.0017522617999999998,-0.0015087174,-0.0013176232,-0.0014632905,-0.0015488823000000002,-0.001443151,-0.0015646249999999998,-0.0015332673,-0.0015059742,-0.0013471846,-0.0013247744,-0.0012899614,-0.0013455138,-0.0014315854000000001,-0.0014121569,-0.0014283642999999998,-0.0014717626,-0.0014013025999999999,-0.0013287025
-0.32,-0.0022432805,-0.0026479913000000002,-0.0024627433,-0.0018548916999999998,-0.0027201149,-0.0021553059,-0.0024935012,-0.0021404054,-0.0020482551,-0.0017716844,-0.001849772,-0.0018470292,-0.0017828923,-0.0016144490999999998,-0.0014904696,-0.0014920252000000002,-0.0013768673,-0.0013319226000000001,-0.0015349426,-0.0015928766,-0.0017898083,-0.0016370965,-0.001406552,-0.0015150333,-0.0012514574999999998,-0.0014568535,-0.0014519709,-0.0014044011999999999,-0.0014176393,-0.0016257809,-0.0012646938000000002,-0.0012757738,-0.0014091713000000002,-0.0015656918,-0.0013567174,-0.0012474032,-0.0013296605,-0.0014088123,-0.001299261,-0.0014575749999999998,-0.0014280073000000001,-0.0014011842000000003,-0.0012553946,-0.0012363244,-0.0012060414,-0.0012305938,-0.0013161854,-0.0013002169,-0.0012840043,-0.0013724526,-0.0012898426,-0.0012341725
-0.3,-0.0020906905,-0.0024397413,-0.0023205233000000002,-0.0017583417,-0.0024603649,-0.0019413259,-0.0025174612,-0.0019906754,-0.0019108050999999998,-0.0015914444000000002,-0.001678582,-0.0017709692000000001,-0.0016639223,-0.0014498191,-0.0013666196000000001,-0.0013689952,-0.0012550373,-0.0011911426,-0.0014514926,-0.0014739066,-0.0016614183000000001,-0.0015131265,-0.001270532,-0.0014442233000000002,-0.0011596675,-0.0013420535000000001,-0.0013265609,-0.0012704112,-0.0012290493,-0.0015045409,-0.0011559738,-0.0011966238,-0.0012961613,-0.0013772218,-0.0012317874000000002,-0.0011357032000000001,-0.0012339305,-0.0013548123,-0.001197461,-0.001370905,-0.0013440873,-0.0012918742,-0.0011429746,-0.0011420244,-0.0011192514,-0.0011333238,-0.0012266654,-0.0011761169,-0.0011925743,-0.0012799526,-0.0011954326000000002,-0.0011439325
-0.28,-0.0019557504999999998,-0.0020586213,-0.0020082033,-0.0016362617,-0.0022765349,-0.0017601258999999998,-0.0021424312,-0.0018222354000000003,-0.0015437651,-0.0014948844,-0.001509192,-0.0015652192000000001,-0.0014846323000000002,-0.0013413391,-0.0012175995999999998,-0.0012311952,-0.0011438173,-0.0011034026,-0.0012776826,-0.0013444466,-0.0015512683,-0.0013316865,-0.001179572,-0.0013002133,-0.0010523775,-0.0012381035000000001,-0.0011142508999999999,-0.0011585912,-0.0010485693,-0.0013538609,-0.0010963638,-0.0010893338,-0.0011875613,-0.0012708918,-0.0010970874000000002,-0.0010058832,-0.0011273605000000002,-0.0012561123,-0.001099591,-0.001338835,-0.0012563473,-0.0011752842000000002,-0.0010432046,-0.0010528544,-0.0010257914,-0.0010570237999999999,-0.0011380954,-0.0010708569000000001,-0.0010861142999999999,-0.0011552526,-0.0010976826000000002,-0.0010406925000000001
-0.26,-0.0017510605000000002,-0.0018484613000000001,-0.0018810033,-0.0015643817000000001,-0.0020891448999999997,-0.0015115759000000001,-0.0020707812,-0.0015393454,-0.0013239351,-0.0013098744,-0.001333472,-0.0013914092,-0.0013622023000000002,-0.0012031791,-0.0010927896,-0.0011339151999999997,-0.0010761073,-0.0009874126,-0.0011652726000000002,-0.0012078266,-0.0014272883,-0.0012322665,-0.001062272,-0.0011386833000000002,-0.0009695274999999999,-0.0010948135,-0.0010639408999999999,-0.0010336612,-0.0009784693,-0.0012514609,-0.0009787037999999999,-0.0010612038,-0.0010584613,-0.0011384517999999998,-0.0010186474000000003,-0.0009088511999999999,-0.0010323504999999998,-0.0011281923,-0.001006841,-0.001299615,-0.0011690873000000002,-0.0010585742000000001,-0.0009719146,-0.0009641643999999999,-0.0009306674000000001,-0.0009762038,-0.0010284153999999999,-0.0009994469,-0.0009994543,-0.0010508326,-0.0010097026,-0.0009467625
-0.24,-0.0015411405,-0.0016057513,-0.0016309033,-0.0013498117,-0.0019183148999999998,-0.0013625659,-0.0018733712,-0.0013267954,-0.0014295551,-0.0012222544,-0.0011832720000000002,-0.0012621892,-0.0012439523,-0.0010905290999999998,-0.0009497396000000001,-0.0010392652000000002,-0.0010070773,-0.0008779766000000001,-0.0010787226,-0.0011124566,-0.0012767283,-0.0012626665,-0.000975732,-0.0010374833000000002,-0.0009138585,-0.0009874134999999999,-0.0009578509,-0.0009526012,-0.0008661743,-0.0010933909,-0.0008740428000000001,-0.0009257798000000001,-0.0009598713,-0.0010525018,-0.0009033683999999999,-0.0008022782,-0.0008904935000000001,-0.0010148323000000001,-0.0009226800000000002,-0.001160385,-0.0010781273,-0.0009827642,-0.0009008646000000001,-0.0008546114,-0.0008509164,-0.0008785728,-0.0009448554,-0.0009244679000000001,-0.0009176732999999999,-0.0009654726,-0.0009177925999999999,-0.0008558035
-0.22,-0.0014216905000000001,-0.0014578113,-0.0014512533,-0.0011940017000000001,-0.0016440149,-0.0012108059,-0.0016838312,-0.0011702754,-0.0010693051,-0.0011097143999999998,-0.0011200920000000003,-0.0011833892,-0.0011247423,-0.0009726290999999998,-0.0008604526,-0.0009422352,-0.0008887053,-0.0007895226000000001,-0.0009466425999999999,-0.0009998066,-0.0011410683000000002,-0.0011358264999999999,-0.000867009,-0.0009406832999999999,-0.0008170604999999999,-0.0009120704999999999,-0.0008540149,-0.0008548502,-0.0007482763,-0.0009589209000000001,-0.0007785558,-0.0007687808000000001,-0.0008389953,-0.0009706017999999999,-0.0008442403999999999,-0.0007354022,-0.0008140805,-0.0009124283000000002,-0.000833035,-0.001014355,-0.0009728673000000002,-0.0009014602,-0.0008096695999999999,-0.0007838013999999999,-0.0007653234,-0.0007950068000000001,-0.0008605714,-0.0008127688999999999,-0.0008280273,-0.0008841756,-0.0008089546000000001,-0.0007764105
-0.2,-0.0013738905,-0.0013545713,-0.0013062933000000001,-0.0010923117000000001,-0.0014395749,-0.0011117459,-0.0015939512,-0.0010616754000000001,-0.0009495051,-0.0009787044,-0.0010640620000000002,-0.0010707391999999999,-0.0010377123000000002,-0.0009071830999999999,-0.0007777216,-0.0008590222,-0.0008095503,-0.0007417206000000001,-0.0008507966000000001,-0.0009235146,-0.0010628683000000001,-0.0010479665,-0.000781178,-0.0008316043,-0.0007359985,-0.0008255245,-0.0007939339,-0.0007574562,-0.0006912943000000001,-0.0009193419,-0.0007265808000000001,-0.0007325408,-0.0007736683,-0.0009186268,-0.0007587674000000001,-0.0006732942,-0.0007396935000000001,-0.0008516312999999999,-0.000775456,-0.000931975,-0.0009056333000000001,-0.0008155112,-0.0007299186000000001,-0.0007426734,-0.0006960633999999999,-0.0007292028,-0.0008004904000000001,-0.0007674689000000001,-0.0007659193000000001,-0.0008118156000000001,-0.0007518526,-0.0007195475
-0.18,-0.0012537205,-0.0011975813,-0.0010898133000000001,-0.0009318587,-0.0013206048999999998,-0.0009324549,-0.0013922412,-0.0010167354,-0.0008358950999999999,-0.0008746384,-0.0009193420000000001,-0.0008960962000000002,-0.0008807182999999998,-0.0007823701,-0.0006786586,-0.0007414822,-0.0007067923,-0.0006109476,-0.0007122756,-0.0007896426,-0.0007388593,-0.0008771415000000001,-0.0006577969999999999,-0.0007135863,-0.0006238225000000001,-0.0006787774999999999,-0.0006643529000000001,-0.0006408691999999999,-0.0005908013000000001,-0.0007834439000000001,-0.0006057027999999999,-0.0006263258,-0.0006475453,-0.0007766488,-0.0006381274,-0.0005781652,-0.0006384845,-0.0007326603000000001,-0.0006510019999999999,-0.000797153,-0.0007791523000000001,-0.0006798502,-0.0006183386,-0.0006275174,-0.0006146433999999999,-0.0006389618,-0.0006877184,-0.0006567239,-0.0006629233,-0.0007028576,-0.0006458756000000001,-0.0006192925
-0.16,-0.0010485605000000002,-0.0009639213000000001,-0.0009273293,-0.0008009676999999999,-0.0011980549,-0.0008285048999999999,-0.0012085412,-0.0007146594,-0.0008604531,-0.0007753374,-0.0008056160000000001,-0.0008049012000000001,-0.0007588863,-0.0006790161,-0.0006012916000000001,-0.0006531482,-0.0006166693,-0.0005637406000000001,-0.0006484986,-0.0006594655999999999,-0.0006521943,-0.0006791355,-0.0005897280000000001,-0.0006223912999999999,-0.0005379915,-0.0005697015,-0.0006024839000000001,-0.0005623102,-0.0005228523000000001,-0.0006587508999999999,-0.0005066398,-0.0005391838000000001,-0.0005557533,-0.0006783008,-0.0005445484,-0.0005099772,-0.0005651715,-0.0006318093,-0.000552774,-0.00069356,-0.0006920103000000001,-0.0006036762,-0.0005580186000000001,-0.0005470514,-0.0005429984,-0.0005496738,-0.0006062983999999999,-0.0005675549,-0.0005934243,-0.0006016496,-0.0005679125999999999,-0.0005441904999999999
-0.14,-0.0009739404999999998,-0.0007953643,-0.0008463863,-0.0006783007,-0.0009795448999999998,-0.0006875989,-0.0010404612,-0.0006705524,-0.0006606581,-0.0006667374000000001,-0.0007094150000000001,-0.0006698372,-0.0006688833,-0.0005979541,-0.0005089046,-0.0005508662,-0.0005184413,-0.00046312759999999996,-0.0005563496,-0.0005517006,-0.0005956883,-0.0005813835,-0.00048434700000000004,-0.0005173683,-0.00045800249999999995,-0.0004906655,-0.0005297659000000001,-0.0004756451999999999,-0.00044882329999999994,-0.0005755428999999999,-0.0004578828,-0.0004416708000000001,-0.0004916193,-0.0005645748,-0.0004708764,-0.00042402719999999996,-0.0004935264999999999,-0.0005093813,-0.0004793410000000001,-0.0005880589999999999,-0.0005999803,-0.0005210642,-0.0004768376,-0.00048136739999999993,-0.00046575040000000005,-0.0004673008,-0.0005289314,-0.0004892349,-0.0005133153,-0.0005190376,-0.0004892346,-0.0004689694999999999
-0.12,-0.0007890465,-0.0006760363,-0.0007151363,-0.0005712507,-0.0008009669,-0.0005806689,-0.0008919242,-0.0005918744,-0.0005139111,-0.0005517003999999999,-0.0005699399999999999,-0.0005713701999999999,-0.0005555153,-0.0005005601,-0.0004203315999999999,-0.0004588362000000001,-0.0004442933,-0.0003955366,-0.00044393559999999994,-0.00045454459999999996,-0.0004922153,-0.00048553950000000006,-0.00041270300000000005,-0.0004512073,-0.0003898145,-0.00042307349999999995,-0.00043904789999999995,-0.0003945832,-0.00036966829999999997,-0.0004897119,-0.00037813180000000003,-0.0003616808,-0.00041055730000000003,-0.00045883680000000007,-0.0003877874,-0.0003724102,-0.0004173515,-0.00043511430000000006,-0.00040352300000000003,-0.000461698,-0.0005034213,-0.00044322020000000004,-0.00041139160000000003,-0.00040018540000000003,-0.0003911254,-0.0003979208,-0.00045359140000000007,-0.00040876890000000004,-0.0004299883,-0.00044178960000000004,-0.00041961660000000003,-0.0004023315
-0.1,-0.0006196495,-0.0005548002999999999,-0.0005463362999999999,-0.0004680156999999999,-0.0006427768999999999,-0.0004719499000000001,-0.0007516141999999999,-0.0005258324000000001,-0.00042212010000000004,-0.0004335643999999999,-0.000441313,-0.0004689692000000001,-0.00046229330000000006,-0.0004074571,-0.00034940259999999995,-0.0003832582,-0.00036919130000000004,-0.0003195996,-0.0003688336,-0.00035202460000000003,-0.0003999473,-0.0004127025,-0.000335813,-0.0003697873,-0.00031995749999999995,-0.00035107149999999995,-0.00035726990000000005,-0.0003173352,-0.0003039833,-0.0004060269,-0.00030779879999999997,-0.0002903938,-0.00033628929999999997,-0.0003764628,-0.0003275874,-0.0003347402,-0.00035655450000000004,-0.0003534553,-0.000332952,-0.000378013,-0.00041437130000000007,-0.00035667420000000003,-0.0003563166,-0.00033605139999999995,-0.00032126940000000003,-0.00032806379999999997,-0.0003727674,-0.0003383159,-0.0003525023,-0.00035405159999999996,-0.0003503566,-0.0003317595
-0.08,-0.0004807714999999999,-0.00042080929999999996,-0.0004346373,-0.00036919070000000006,-0.0005041359,-0.0003772969,-0.0006004572000000001,-0.0004256964,-0.0003348591,-0.0003448724,-0.00035476700000000003,-0.0003665682,-0.0003545283,-0.00032389210000000003,-0.0002743006,-0.00030088420000000003,-0.00029289729999999996,-0.0002546306,-0.0002676246,-0.0002973076,-0.0003212693,-0.00031173249999999996,-0.000256777,-0.0002899173,-0.0002461675,-0.00026941249999999997,-0.00026655190000000005,-0.00024056419999999998,-0.00022983529999999998,-0.0003119709,-0.00023329280000000002,-0.00023281580000000004,-0.0002610683,-0.00029087080000000004,-0.00025153139999999996,-0.0002547502,-0.0002760885,-0.0002689363,-0.00025987600000000003,-0.000295758,-0.0003285413,-0.0002746582,-0.0002721546,-0.0002616644,-0.00024533240000000004,-0.0002548698,-0.0002875324,-0.0002666709,-0.0002781153,-0.00028181060000000006,-0.0002663136,-0.00025749249999999996
-0.06,-0.0003557205,-0.0003056523,-0.0003167393,-0.00026154469999999997,-0.0003348589,-0.00026512190000000003,-0.00032091119999999996,-0.0002944464,-0.0002415181,-0.0002493854,-0.000242591,-0.0002570152,-0.00025510830000000003,-0.00023567710000000003,-0.0002012256,-0.0002173182,-0.0002180343,-0.0001844166,-0.00020039059999999999,-0.00020694759999999998,-0.00022470930000000001,-0.0002301935,-0.000179529,-0.0002114773,-0.00017523749999999997,-0.0001931195,-0.0002053979,-0.00017201920000000002,-0.00017106530000000002,-0.0002275709,-0.0001686808,-0.0001690388,-0.0001893043,-0.00021636480000000003,-0.00018942339999999995,-0.0001897812,-0.0002017025,-0.00019812630000000001,-0.00019621900000000003,-0.00023567700000000005,-0.00023937229999999998,-0.00020539720000000003,-0.0001943116,-0.00019443039999999997,-0.0001881124,-0.0001885888,-0.00021040440000000003,-0.00019657590000000003,-0.00020372830000000002,-0.0002087356,-0.00019526459999999997,-0.0001871585
-0.04,-0.00021636449999999998,-0.00019717229999999996,-0.00021505329999999998,-0.0001647477,-0.0002182719,-0.0001758339,-0.0002679822,-0.00019979440000000002,-0.0001546141,-0.0001666544,-0.000151992,-0.0001670122,-0.00016415130000000002,-0.0001521111,-0.0001251696,-0.0001358982,-0.0001347063,-0.00011122259999999999,-0.00012087860000000002,-0.00013279960000000003,-0.0001347063,-0.0001393555,-0.00011682500000000001,-0.00013685230000000002,-0.0001063345,-0.00011551349999999997,-0.00012528890000000002,-0.0001045462,-0.0001049043,-0.0001393559,-0.0001111028,-0.0001101498,-0.0001186133,-0.00013780580000000001,-0.00011622939999999999,-0.00012517019999999998,-0.0001283885,-0.0001287463,-0.000129342,-0.000156403,-0.0001591443,-0.0001300572,-0.00011908960000000001,-0.0001190904,-0.00011718239999999999,-0.0001264808,-0.0001361374,-0.0001206399,-0.00013172629999999997,-0.0001238586,-0.0001246926,-0.0001169445
-0.02,-9.703649999999999e-05,-8.01083e-05,-9.238729999999999e-05,-7.104870000000001e-05,-0.00010311589999999997,-8.46389e-05,-0.00010132819999999999,-8.77384e-05,-6.89031e-05,-7.283639999999998e-05,-6.270400000000001e-05,-6.735319999999999e-05,-7.188330000000001e-05,-6.890310000000001e-05,-5.221360000000001e-05,-5.4598199999999995e-05,-5.698230000000001e-05,-4.136560000000001e-05,-4.52996e-05,-5.4359600000000014e-05,-5.42403e-05,-5.7578500000000004e-05,-4.2796e-05,-5.6863299999999995e-05,-4.47035e-05,-4.9948499999999984e-05,-4.827990000000001e-05,-4.4942200000000005e-05,-4.303430000000001e-05,-5.96049e-05,-4.10078e-05,-4.56568e-05,-5.054429999999999e-05,-5.876980000000001e-05,-4.613439999999999e-05,-5.18562e-05,-4.959149999999999e-05,-5.4478299999999996e-05,-5.388300000000001e-05,-6.4969e-05,-6.54463e-05,-5.10212e-05,-4.804160000000001e-05,-5.1260399999999995e-05,-4.69684e-05,-5.0902799999999997e-05,-5.3048400000000005e-05,-4.696889999999999e-05,-5.269029999999999e-05,-5.10216e-05,-5.221360000000001e-05,-4.851849999999999e-05
0.0,0.0,0.0,0.0,0.0,0.0,0.0,0.0,0.0,0.0,0.0,0.0,0.0,0.0,0.0,0.0,0.0,0.0,0.0,0.0,0.0,0.0,0.0,0.0,0.0,0.0,0.0,0.0,0.0,0.0,0.0,0.0,0.0,0.0,0.0,0.0,0.0,0.0,0.0,0.0,0.0,0.0,0.0,0.0,0.0,0.0,0.0,0.0,0.0,0.0,0.0,0.0,0.0
0.02,0.00014817710000000002,0.00015199179999999998,0.00014913079999999998,0.00012576580000000001,0.00016140940000000003,0.0001653431,0.0001659393,0.00014889250000000003,0.00012350080000000002,0.0001417399,0.0001260042,0.0001266002,0.000131011,0.000112772,0.00010645389999999999,0.00011312960000000002,0.0001142025,0.0001028776,0.0001090765,0.00011301039999999999,0.0001131296,0.0001102686,9.89437e-05,0.00010871890000000001,0.00010085110000000001,0.0001065731,0.00011014939999999998,9.6798e-05,9.77516e-05,0.00011193759999999998,9.59635e-05,9.72748e-05,0.0001004934,0.0001044273,0.00010406969999999999,0.00010359280000000001,0.00010931490000000001,0.00010824209999999999,0.00010371209999999999,0.00012397759999999998,0.00011527529999999999,0.00011503700000000002,0.0001095533,0.00010693080000000001,0.0001026392,0.0001038313,0.00011527529999999999,0.0001096726,0.0001064539,0.0001090765,0.0001081228,0.0001040697
0.04,0.0002621415,0.00026476369999999997,0.0002720357,0.00022900130000000002,0.0002764461,0.0002925401,0.0002815728,0.00027179760000000004,0.00022304090000000001,0.0002574916,0.00022018,0.0002186298,0.0002341267,0.0002046819,0.00018358239999999998,0.0001883508,0.00019967569999999998,0.00017261510000000002,0.00019752939999999997,0.0001920464,0.0001960997,0.00019264249999999998,0.0001626015,0.00018477469999999998,0.00017213850000000002,0.00018441650000000003,0.0001904961,0.0001680848,0.0001637937,0.00018763509999999997,0.0001664162,0.00016510519999999999,0.0001736877,0.00019025820000000002,0.00018584759999999999,0.0001853708,0.00018417850000000002,0.00018191369999999999,0.000183344,0.000214338,0.00020492069999999998,0.0001894238,0.00019025839999999998,0.0001782176,0.0001723766,0.0001753572,0.00018918460000000003,0.00018370110000000002,0.00018572769999999997,0.00018644339999999998,0.0001796484,0.0001751185
0.06,0.0003967285,0.0003689527,0.0003745557,0.0003327133,0.0004014971,0.0004105571,0.0003970858,0.0003993516,0.0003159049,0.0003906486,0.000308752,0.0003135208,0.00033187870000000005,0.0003026719,0.00025880339999999997,0.0002713208,0.0002803807,0.0002471204,0.0002690554,0.0002837184,0.00028765169999999996,0.0002740625,0.000232935,0.0002640487,0.0002441405,0.0002691745,0.0002657171,0.0002382998,0.0002362727,0.00027477709999999995,0.0002412792,0.0002319812,0.0002436637,0.0002816912,0.0002702476,0.0002590418,0.0002604725,0.00025832670000000004,0.000255346,0.00030875200000000003,0.00029885769999999994,0.00027632679999999997,0.0002758504,0.0002566576,0.0002423526,0.0002458092,0.0002737046,0.00025498910000000004,0.0002601147,0.00027012840000000004,0.0002601144,0.0002509355
0.08,0.0005257125,0.0005022287,0.0004513267,0.00043678329999999994,0.0005496741,0.0004936461,0.0005381108000000001,0.0005167726,0.0004079339,0.0005100966,0.000396729,0.0004100798,0.0004298687,0.0003913639,0.00033974639999999996,0.0003548858,0.0003682377,0.0003242494,0.00036847640000000004,0.00038588040000000004,0.0003868337,0.0003496405,0.000311136,0.0003479717,0.0003117325,0.00033915050000000004,0.00035369409999999997,0.00031030179999999997,0.00030744070000000005,0.00035500509999999996,0.0002983812,0.0002994542,0.0003161427,0.00036132319999999994,0.00035691259999999996,0.0003250838,0.0003348585,0.0003349777,0.00034332300000000003,0.00038909899999999996,0.0003942247,0.0003613238,0.0003577474,0.0003485676,0.0003163816,0.0003153082,0.00035428959999999997,0.0003315211,0.0003356937,0.00035691239999999995,0.0003445144,0.0003247265
0.1,0.0006661415,0.0006363387,0.0005837677,0.0005379913,0.0006674531,0.0006424191,0.0006391998000000001,0.0006146436,0.0005038979,0.0006536246,0.000487804,0.0005122417999999999,0.0005486007,0.0004863739,0.0004398824,0.0004395248,0.00046455870000000003,0.0004028084,0.00045526040000000006,0.00048136739999999993,0.00044703470000000004,0.0004230735,0.000384092,0.0004304647,0.00038671450000000003,0.0004169945,0.0004346371,0.00038504580000000004,0.0003672837,0.0004484651,0.0003933902,0.0003870722,0.0003832577,0.0004155632,0.0004519226,0.0004132988,0.0004119875,0.0004007817,0.000428557,0.00049293,0.0004969837,0.0004396438,0.00043654439999999995,0.0004267696,0.00039529759999999995,0.0003976822,0.0004341606,0.0004132991,0.00042426569999999997,0.0004411934,0.00042712640000000003,0.0004026885
0.12,0.0007823705,0.0007499457,0.0006889107,0.0006439683,0.0007914300999999999,0.0007717611000000001,0.0007476808,0.0007444616000000001,0.0006079678999999999,0.0007953646000000001,0.0005766149999999999,0.0006176237999999999,0.0006616116999999999,0.0005730389,0.0005395414,0.0005218978,0.0005559917,0.0004853014,0.0005393024,0.0005810264,0.0005178447,0.0005382294999999999,0.00046515500000000003,0.0005233287,0.0004487035,0.0005030634999999999,0.0005228521,0.0004622938,0.0004323717,0.0005069971,0.0004562142,0.00045537919999999996,0.0004528757,0.0005064012,0.0005571845999999999,0.0004966258,0.0004949565,0.0004978177,0.000516772,0.0005832910000000001,0.0005956887,0.0005367998,0.0005152224,0.0005221366000000001,0.0004763606,0.0004746912,0.0005191566,0.0004945991,0.0005030637,0.0005197524,0.0005158184,0.0004876855
0.14,0.0009143355,0.0008668897,0.0008425717000000001,0.0007560253,0.0009980201,0.0009511711,0.0008397098,0.0009509326,0.0007113218999999999,0.0009107586,0.000684142,0.0007138248000000001,0.0007779597,0.0006566049000000001,0.0006312134,0.0006163118,0.0006541016999999999,0.0005556344,0.0006622074,0.0006730554,0.0006152387000000001,0.0006147625,0.000528574,0.0006228687000000001,0.0005363225,0.0005893705,0.0006136891,0.0005404948,0.0005180837,0.0005989070999999999,0.0005352492000000001,0.0005328652,0.0005328657,0.0005955692000000001,0.0006395576,0.0005666018,0.0005829335000000001,0.0005755426999999999,0.000616193,0.000666499,0.0006924867,0.0006386038000000001,0.0006102324,0.0006066556,0.0005518196,0.0005584952,0.0006130936,0.0005638600999999999,0.0005793567,0.0006010534000000001,0.0005939004,0.0005612375
0.16,0.0011248595,0.0010092257,0.0010290147,0.0009125473,0.0010628701,0.0010862341000000002,0.0009362698,0.0010693045999999999,0.0008224249000000001,0.0010616776,0.0007848739999999999,0.0008196828,0.0008743996999999999,0.0007603169,0.0007319453999999999,0.0007125138,0.0007575746999999999,0.0006419424,0.0006910563999999999,0.0008065704000000001,0.0007388587,0.0006979705,0.0006277559999999999,0.0007166867,0.0006506445,0.0006625655,0.0006886721,0.0006430148,0.0006158347,0.0006954671,0.0006078482,0.0006178621999999999,0.0006015297000000001,0.0007026192,0.0007748606,0.0006672147999999999,0.0006629225,0.0006680486999999999,0.0006995199999999999,0.000762224,0.0008196827,0.0007286068,0.0006997584,0.0006823536,0.0006184576,0.0006284712,0.0007036926,0.0006557701,0.0006657837,0.0006933213999999999,0.0006736514,0.0006381275
0.18,0.0013259695,0.0011267687,0.0011891166999999998,0.0010346173,0.0012240451,0.0012273741,0.0010994688000000002,0.0011914946,0.0009614229000000001,0.0012290456,0.0008846519999999999,0.0009253027999999999,0.0010033847,0.0008620019,0.0008739234,0.0008150338,0.0008668896999999999,0.0007325413999999999,0.0008186103999999999,0.0009282824,0.0008947847,0.0008214715,0.000714183,0.0008262397,0.0007345674999999999,0.0007746224999999999,0.0007956031,0.0007593628,0.0006880756999999999,0.0007946491,0.0007141832,0.0006948712,0.0006821157,0.0008019212,0.0008836986,0.0007549528,0.0007619855,0.0007463697,0.000792742,0.000867248,0.0009411577,0.0008176568,0.0008192064,0.0008028746,0.0007119175999999999,0.0007221701999999999,0.0007857086,0.0007469651,0.0007483957,0.0007905964,0.0007628203999999999,0.0007172825
0.2,0.0015407794999999999,0.0012578987000000002,0.0014212167,0.0011481083,0.0013957051,0.0014905941,0.0012568187999999999,0.0013390746,0.0010888548999999999,0.0013579155999999999,0.0010041,0.0010336638,0.0010638237,0.0009689329,0.0009266134,0.0009047988,0.0009691716999999999,0.0008343453999999999,0.0010725263999999998,0.0010216233999999999,0.0010498767,0.0009306665,0.000816226,0.0009158847,0.0008555655,0.0008417365,0.0008898971,0.0008636717999999999,0.0007847546999999999,0.0009087321,0.0008275512,0.0007767681999999999,0.0007811787,0.0008893012,0.0010108945999999998,0.0008823867999999999,0.0008594985,0.0008417367000000001,0.00086987,0.000988007,0.0010415317,0.0009145738,0.0009051564,0.0009205346000000001,0.0008089546000000001,0.0008356572,0.0008761886,0.0008330341,0.0008394717,0.0008747573999999999,0.0008560414,0.0008167025
0.22,0.0016410395,0.0014085787,0.0015597367,0.0012714883,0.0015891751000000002,0.0016534341,0.0014027388,0.0014741446,0.0012358449,0.0014582856000000001,0.0011112679999999999,0.0011527508,0.0011936377,0.0010637009,0.0010451074000000001,0.0010063648,0.0010586977,0.0009212494,0.0012357274,0.0012146234,0.0011413117,0.0010501145000000002,0.0009120699999999999,0.0009990926999999998,0.0009925365,0.0009675024999999999,0.0010422471,0.0009528398000000001,0.0008623597,0.0010032651,0.0008894202,0.0008742811999999999,0.0008629557,0.0009696482,0.0011507225999999998,0.0009278058,0.0009634495,0.0009336467,0.000974059,0.0011293850000000001,0.0011327227,0.0010251998,0.0010083914,0.0010219816000000001,0.0008935926,0.0009114742,0.0009776356000000001,0.0009263751,0.0009315017,0.0009759663999999999,0.0009649993999999999,0.0009261365000000001
0.24,0.0017749094999999998,0.0016217187,0.0017667966999999998,0.0014196683000000001,0.0019987851,0.0018234241000000002,0.0015208688000000001,0.0016886046,0.0013709049000000001,0.0016993256,0.0012329779999999998,0.0012792308,0.0013211976999999999,0.0011847009,0.0011587104,0.0011097148000000002,0.0011278427,0.0010257964,0.0014048774,0.0013632733999999998,0.0012487217,0.0011601435000000002,0.000990272,0.0012577766999999998,0.0010626315,0.0010484455,0.0011678891,0.0010417698,0.0009517667,0.0010846891,0.0009994501999999999,0.0009754891999999999,0.0009554627,0.0010932682000000002,0.0012912725999999998,0.0010389088000000001,0.0010341405,0.0010380747,0.001092789,0.001281735,0.0012820926999999999,0.0011214057999999999,0.0010979154,0.0011224756,0.0009801386,0.0010098222000000001,0.0010709746,0.0010166171,0.0010312797,0.0010777674,0.0010665654,0.0010199545
0.26,0.0020830595,0.0018012487,0.0019518167000000001,0.0015665282999999999,0.0022301651,0.0019534840999999997,0.0016810888,0.0018862446,0.0015381548999999998,0.0017225756,0.0013633979999999998,0.0014003508000000001,0.0015068077,0.0013037908999999999,0.0012638604,0.0012354848,0.0011423827,0.0011391673999999999,0.0015457873999999998,0.0015022733999999999,0.0012780417,0.0013200035,0.001099108,0.0012558666999999998,0.0011314125,0.0011177065,0.0013357390999999999,0.0011669388,0.0010870707000000001,0.0012093791,0.0011138962000000001,0.0010807561999999998,0.0010348557000000001,0.0012627882,0.0013608925999999998,0.0011678968,0.0011492995,0.0011209276999999999,0.001210329,0.001412395,0.0014045226999999999,0.0012118858,0.0012161754000000002,0.0012240456,0.0010906485999999998,0.0011062662,0.0011677745999999999,0.0011266431000000001,0.0011321257000000001,0.0011894674,0.0011503674,0.0011155575
0.28,0.0023041995,0.0020401487,0.0020720967,0.0017077883,0.0023437751000000002,0.0022196740999999996,0.0019127088,0.0021874946,0.0016911049,0.0019376256,0.0014833179999999997,0.0015231408,0.0016752477,0.0014106009,0.0014191904000000002,0.0013606548,0.0012830526999999998,0.0012479974,0.0018105474,0.0016810934,0.0014261017,0.0014477935,0.0011984079999999998,0.0013806867,0.0012215425,0.0013227464999999998,0.0014647291,0.0012763788000000002,0.0012590907,0.0013205991,0.0012731562,0.0012041362,0.0011373787,0.0013574382000000002,0.0014553025999999999,0.0012496668,0.0012729195000000001,0.0013136876999999998,0.001337529,0.0014758150000000001,0.0015475727,0.0013079658,0.0013084454,0.0013302556,0.0011723086,0.0012226062,0.0012711246,0.0012242830999999999,0.0012421657,0.0012851974,0.0012593274,0.0012054475
0.3,0.0025160295,0.0025755187,0.0023058667,0.0019444183,0.0026007851,0.0024508240999999995,0.0022263488000000002,0.0023856146,0.0019048449,0.0021144156000000003,0.001615758,0.0016586807999999999,0.0018491777,0.0015248109,0.0015867904,0.0014964347999999999,0.0014184727,0.0013579174,0.0018888674,0.0018893433999999998,0.0015373217,0.0015918034999999999,0.001366618,0.0015652167,0.0013412225000000002,0.0015017965,0.0016053891,0.0013867588000000001,0.0013889107000000002,0.0013840191,0.0013980861999999998,0.0012984262000000002,0.0012805487,0.0014798682000000001,0.0016469925999999999,0.0013716268,0.0013729295,0.0014133477,0.0013977290000000001,0.001549725,0.0016853826999999998,0.0014277658,0.0014351654,0.0014467256,0.0012760185999999998,0.0013302562,0.0013786546,0.0013356231,0.0013558857,0.0014018974,0.0013693573999999998,0.0013112975
0.32,0.0028349195,0.0026538386999999997,0.0024960067,0.0021969083,0.0027889051,0.0026658740999999995,0.0023196888,0.0026292846,0.0021028549,0.0020648256,0.001759288,0.0018049507999999999,0.0019054377,0.0016890809,0.0017253204000000002,0.0016189847999999998,0.0015443527,0.0014969074,0.0020979673999999998,0.0019314334,0.0016557017,0.0018169835,0.0014659179999999999,0.0016388867,0.0014522125,0.0016139765,0.0017399791,0.0016069388,0.0015611607,0.0015003691000000001,0.0015104962,0.0013915262,0.0013759087,0.0016800182,0.0018134126,0.0015104968,0.0015116894999999998,0.0015530577,0.001541729,0.001670365,0.0018291427,0.0015689158,0.0015519854,0.0015926356,0.0014040486,0.0014381362,0.0015299346,0.0014400531,0.0014722357000000001,0.0015426874,0.0014770074,0.0014510175
0.34,0.0030668995000000003,0.0033280887,0.0026239167,0.0022826183,0.0031549951000000003,0.0029253941,0.0026487088000000003,0.0028622146000000003,0.0022629549,0.0022702256,0.001921298,0.0019619508000000003,0.0019843576999999998,0.0018218709,0.0019018604000000001,0.0017793148,0.0017335427,0.0016013374,0.0021330074,0.0021202534,0.0020359717,0.0019216535000000001,0.0015920379999999998,0.0017745467,0.0016109925,0.0018149565,0.0018523891000000001,0.0017248388,0.0016697607,0.0015863191,0.0016301862,0.0015385162,0.0014822487,0.0017968382,0.0020524226,0.0016036068,0.0016175495,0.0016527177,0.001677159,0.001815195,0.0020101027,0.0017092257999999998,0.0016906254000000002,0.0016891956,0.0015424485999999999,0.0015432862,0.0016733446,0.0015625931,0.0015776157000000001,0.0016617774,0.0016026474,0.0015580675
0.36,0.0030899095,0.0035701987,0.0028808067,0.0024144683,0.0031994551,0.0030698741,0.0027749588,0.0031065946,0.0025296249,0.0025775456,0.002083418,0.0021020208000000003,0.0021324177,0.0019780409000000002,0.0021270504,0.0019996148,0.0018577526999999999,0.0017433173999999998,0.0021353974,0.0024198334,0.0022288517,0.0021049934999999996,0.001781108,0.0020012867,0.0018550125,0.0019838765,0.0020525491,0.0017094588,0.0017788407,0.0017597691,0.0017336562,0.0016416262,0.0016245887,0.0019805381999999996,0.0020797225999999998,0.0016964667999999998,0.0017573795,0.0018118577,0.001782779,0.001974105,0.0021268127000000003,0.0018216357999999999,0.0018370154000000001,0.0018253356,0.0016856186,0.0016581961999999999,0.0018191346,0.0016591530999999998,0.0017050456999999999,0.0017795573999999999,0.0017447474,0.0016802574999999998
0.38,0.0033564595,0.0038169587000000003,0.0030841867,0.0027022383,0.0035922551,0.0031808641,0.0030748888000000003,0.0033373846,0.0027037848999999997,0.0027052155999999997,0.0022748679999999998,0.0022560308000000003,0.0023137377000000004,0.0021736609,0.0024569004,0.0020865248,0.0020421727000000003,0.0018981674,0.0025981674,0.0025718233999999997,0.0026351217,0.0022513834999999998,0.0020047380000000003,0.0021790267,0.0019673125,0.0020732865000000003,0.0021836791,0.0018610988,0.0019632607,0.0018483391,0.0018533462000000001,0.0018274762,0.0017224587,0.0020482582000000004,0.0023245826,0.0019097368,0.0019936595,0.0019365577,0.0019437089999999998,0.0021116750000000004,0.0023138527,0.0019608758000000002,0.0019764854,0.0019447756,0.0018328386,0.0017658462,0.0019695746,0.0018063831,0.0018084057000000001,0.0019040073999999998,0.0019211774,0.0018038775
0.4,0.0035549395,0.004200938699999999,0.0031726367,0.0029400583000000003,0.0037100351,0.0034457440999999998,0.0033371488,0.0036826146,0.0029845249,0.0029393456,0.0024026679999999997,0.0025100708000000004,0.0025038677,0.0023653509,0.0026201004,0.0023026448,0.0022075127,0.0020370474,0.0028290774,0.0026959134,0.0028150117,0.0024212635,0.002250668,0.0024529667,0.0021177525000000003,0.0022336265,0.0022129991,0.0020040288,0.0022527007,0.0020078391,0.0019756561999999997,0.0019637362,0.0018792187,0.0021339682,0.0026166426000000004,0.0020546868,0.0020126095,0.0020314477000000003,0.002039789,0.002312895,0.0025051827,0.0021564958000000003,0.0020885453999999995,0.0020557656,0.0019870986000000003,0.0019330961999999999,0.0021160846,0.0019327431,0.0019612357,0.0020511174,0.0020672074000000003,0.0019730375
0.42,0.0040075794999999996,0.0045746586999999995,0.0035020067,0.0030844183000000003,0.0040739751,0.0035620940999999996,0.0036513788,0.0039854046,0.0030608148999999997,0.0028029656,0.0026056779999999997,0.0027967708,0.0025836277,0.0025287909,0.0026671903999999995,0.0025205648,0.0023580827000000003,0.0022664074,0.0031591673999999998,0.0028417133999999998,0.0030515217,0.0026459735,0.002164248,0.0025099467,0.0023254125000000004,0.0024214965,0.0023522391,0.0022849988,0.0024826507,0.0021777191,0.0021337262,0.0021069062,0.0020830587,0.0023926482,0.0028150126,0.0021475568,0.0021347995000000003,0.0021560177000000003,0.0021917789999999996,0.002488135,0.0026698127000000004,0.0022982358000000003,0.0022531753999999998,0.0022079956,0.0021339685999999997,0.0020917662,0.0022910846,0.0020697131,0.0021193057000000004,0.0022333874,0.0022374374,0.0021162075
0.44,0.0043847595,0.0047148487,0.0039266367000000005,0.0033028083,0.0043755751,0.0037230240999999997,0.0039209088,0.0040469146,0.0032633549,0.0032223456,0.002817508,0.0029842808,0.0027633877,0.0027403808999999996,0.0030735703999999996,0.0027935548,0.0025489327,0.0023514074,0.0033538374,0.0030262434,0.0033191417,0.0029538834999999998,0.002331258,0.0028667467,0.0024944525,0.0025659765000000004,0.0026873390999999996,0.0024584488,0.0025394007,0.0023225590999999997,0.0022820262,0.0022598462,0.0022176487,0.0025589482,0.0031182726000000003,0.0023093268,0.0023422195,0.0023170677,0.0023598689999999997,0.002706525,0.0028356327,0.0024518958,0.0023835854,0.0023617756,0.0022650986000000003,0.0022535362,0.0024378346,0.0022174131,0.0022729657000000003,0.0023515173999999997,0.0023623674000000003,0.0022302875000000002
0.46,0.0045602295,0.0052518886999999995,0.0040147266999999995,0.0036199083,0.0044205150999999995,0.0040433440999999995,0.0043539988,0.0042868846,0.0035613749,0.0036987056,0.003041148,0.0031547508000000003,0.0030094377000000005,0.0028873708999999997,0.0034019904,0.0027865147999999998,0.0025802827000000004,0.0024965974,0.0036036974,0.0032552434,0.0036133516999999997,0.0031859834999999996,0.0025969780000000002,0.0030952667,0.0027900925,0.0028208465000000003,0.0028692491,0.0030976488,0.0027350207,0.0026086590999999998,0.0023925262,0.0023599862,0.0023844287000000003,0.0025815982,0.0033462025999999997,0.0025496468,0.0023615395000000003,0.0024419977000000002,0.0024656089999999997,0.002934455,0.0030729727,0.0025857658,0.0025458354,0.0025203256,0.0023964686,0.0024449861999999998,0.0025919646,0.0024018331,0.0024209057,0.0024847974,0.0025098373999999997,0.0024453375000000003
0.48,0.0050535195,0.0057643686999999996,0.004145976700000001,0.0037952682999999997,0.004671935099999999,0.0044689141,0.004948498799999999,0.004736064599999999,0.0038477148999999998,0.0038130256,0.003307938,0.0034529008000000003,0.0032606077,0.0031836009,0.0035352703999999998,0.0030399548,0.0027610027000000005,0.0027559973999999998,0.0040653974,0.0035152434,0.0040107917,0.0033308235,0.0028530379999999996,0.0032423766999999997,0.0029724825,0.0030378065000000003,0.0028790190999999996,0.0032268788,0.0029001206999999998,0.0027862790999999996,0.0026793462,0.0024756162,0.0025453587,0.0026396482,0.0034124826000000003,0.0027015168,0.0026279695,0.0026168777000000003,0.0026491889999999997,0.003175615,0.0033029327000000004,0.0027549258000000004,0.0026608753999999997,0.0026534756,0.0025300986,0.0025737262,0.0027530146000000004,0.0025597831,0.0025744457,0.0026644474,0.0027042674,0.0025614475000000003
0.5,0.0053477295,0.0062464487,0.0044896567,0.0040529983,0.0047796951,0.0049006941,0.0053297288,0.0051875146,0.0041198749,0.0039345056,0.003609658,0.0037883508,0.0033614677,0.0034297709,0.0038330604,0.0033191448,0.0030199327,0.0030019274,0.0042750874000000005,0.0037136034,0.0043029817,0.0037289835,0.002965208,0.0035092867,0.0032272324999999998,0.0032095865,0.0030978890999999995,0.0031903988000000004,0.0030826307,0.0029901291,0.0031310362,0.0026837562,0.0026892387,0.0028580382000000003,0.0037971726,0.0028909468,0.0027186895000000004,0.0028197777,0.002825739,0.0034042549999999997,0.0035616127000000003,0.0029122858000000004,0.0028973854,0.0027712556,0.0027095086,0.0027673261999999997,0.0029391046,0.0027649431,0.0027407457,0.0028587574,0.0029101374,0.0027101075
0.52,0.005714059499999999,0.0061989987,0.0047320167,0.004375218300000001,0.0052580851,0.0049992841,0.0058280188,0.0053248446,0.0044379249,0.0040822055999999995,0.003881338,0.0040186608,0.0034472977000000004,0.0035797308999999996,0.004186870400000001,0.0036423248,0.0033843527000000004,0.0032273574,0.004429097400000001,0.0037919233999999997,0.0046113717,0.0039874335,0.0032620479999999996,0.0038015866999999994,0.0033830425,0.0034315565000000003,0.0033338090999999997,0.0034379988,0.0033928107000000002,0.0031797890999999997,0.0030678462,0.0028921362,0.0027991487000000002,0.0030351882000000004,0.003919242599999999,0.0031045668,0.0028651995,0.0031088577,0.003082039,0.003618355,0.0038297227,0.0030431758,0.0030456753999999996,0.0029096556,0.0028988086,0.0029588962,0.0031563046,0.0029697431,0.0029611557000000003,0.0030204074000000003,0.0030585574,0.0028654375
0.54,0.0060672795,0.0060375887,0.0050538766999999995,0.0047508483,0.005737065099999999,0.0051531841,0.006022338800000001,0.004856584599999999,0.0047754049,0.0044350655999999995,0.004071708,0.004262800799999999,0.0036574577000000005,0.0038179209,0.0042794904000000005,0.0039341448,0.0036300427000000002,0.0035674574,0.004288907400000001,0.0042320534,0.0047366617,0.0043253935,0.0035247779999999997,0.0040472767000000005,0.0034695825,0.0036914365,0.0035973790999999995,0.0037461488,0.0035747306999999997,0.0033663491,0.0031993361999999997,0.0031012262,0.0031237586999999997,0.0032381982,0.004232522599999999,0.0033626567999999997,0.0031728695,0.0031939777,0.0033365489999999994,0.003936765,0.0040769627,0.0032274758000000003,0.0032567953999999995,0.0031521356,0.0030741686,0.0031865862,0.0033347646000000002,0.0031540431,0.0031814557,0.0032324774000000002,0.0032243774,0.0029914375
0.56,0.0065685495,0.0063247686999999995,0.0054920867,0.0049899783000000005,0.005907895099999999,0.005651954099999999,0.0060249588,0.0052526046,0.0051517449,0.004765745600000001,0.004342558,0.0045070608,0.0040204577,0.0040590809,0.0042253704,0.0043281348,0.0041312027,0.003954767400000001,0.0046424874,0.0047165134000000004,0.005126831700000001,0.004609943500000001,0.003835078,0.0039219867,0.0036219325,0.0040633665,0.0038385391,0.0040992488,0.0037244607,0.0035332490999999996,0.0033528762,0.0033590762,0.0034069987,0.0033203382,0.0044709426,0.0036647368000000003,0.0035642395,0.0035960677,0.0035318089999999995,0.004137635,0.0043112027,0.0034524158,0.0034476554,0.0034081956,0.0032250886,0.0034246462,0.0035384846,0.0033977030999999998,0.0033767257000000004,0.0033885274,0.0033936473999999998,0.0032709875
0.58,0.0066822795,0.0069355987,0.0060579767,0.0055348883000000005,0.0062175951,0.0062757741,0.006719708800000001,0.0055302345999999995,0.0054926849,0.0051608056,0.004757998,0.004874710799999999,0.0043380277,0.0043579309,0.0044803604,0.0045675048,0.0042947527,0.0040622974000000004,0.004816177400000001,0.0049431334,0.0055040117,0.0047332035,0.004154918,0.0041565867,0.0039451125,0.004270076500000001,0.004076719100000001,0.0042582788,0.0039118506999999995,0.0039322391,0.0035456462,0.0035859362,0.0035285986999999998,0.0034848482,0.0050112025999999995,0.0038405668000000004,0.0037386395000000004,0.0040119877,0.0038641689999999998,0.004310845,0.0048105727,0.0036094158,0.0036287354,0.0035415856,0.0033508585999999997,0.0036730762,0.0037198046,0.0035824730999999997,0.0034979557000000003,0.0036648474,0.0036314774000000003,0.0034706575
0.6,0.007375119499999999,0.0073426987,0.0059143267,0.0061438083,0.0068937551,0.0063155840999999996,0.0072129988,0.0057852246000000005,0.0059502148999999996,0.0056025955999999995,0.0051435280000000005,0.0053125608,0.004650707699999999,0.0046740809000000005,0.0049904604000000005,0.0049456348,0.0046144727,0.004491327400000001,0.0052000274,0.0052090934,0.006001831700000001,0.0052597535,0.0045797780000000005,0.0043691367,0.0041322725,0.004548906500000001,0.0042918891,0.004496688800000001,0.0042502907,0.0042825891,0.0038239961999999997,0.0039154262000000006,0.0036948887,0.0037682082000000004,0.0052689326,0.0041408568,0.0039491694999999995,0.0041984277,0.0040410789999999995,0.004475835,0.0051087127,0.0038608358000000002,0.0038166053999999995,0.0038049256000000004,0.0035413486,0.0039961362,0.0039949446,0.0037986031,0.0037503257000000003,0.0039222274000000005,0.0038568974,0.0037683275
0.62,0.0082026695,0.0079185987,0.0066952667,0.006543638300000001,0.007299895099999999,0.006749984099999999,0.0075707388,0.0063134446,0.0063424149,0.0061331956,0.005519988,0.005740050799999999,0.0052112376999999994,0.0049929609,0.005671020400000001,0.0057430248000000005,0.0049080827,0.0048067574,0.0052834774,0.0056273934,0.0065486417,0.0057686535,0.004986168,0.0046101766999999995,0.0043454125,0.004746796500000001,0.0045045591000000005,0.0048741088,0.0046227007,0.0046005290999999995,0.0043674662000000005,0.0040678962,0.0039819487,0.0043317082,0.0054496525999999995,0.0048738668,0.0043981095,0.0042597076999999995,0.004307509,0.004824165,0.0052034826999999995,0.0040342858,0.0040850654,0.0040429856,0.0038175585999999993,0.0041939062,0.0042179846,0.0039944631,0.0039504757,0.0041017574,0.0041747074,0.0039190075
0.64,0.0086377895,0.0086561487,0.0069422767,0.0067907583,0.0080744051,0.0069735041,0.0079362388,0.0068972146,0.007000804899999999,0.0065665255999999995,0.0058751079999999995,0.006123180799999999,0.0055867477,0.005337710900000001,0.006101010400000001,0.0065329048,0.0057079827,0.0049495674,0.0056261974000000005,0.0058850034,0.0066145617,0.0062314235,0.005291227999999999,0.0049159567,0.0046216224999999994,0.005152826500000001,0.0046685891,0.0055696988,0.0050205007,0.0048991491,0.0049766262,0.0047076962,0.004220728699999999,0.004334328199999999,0.0058506726,0.005581136800000001,0.0045945694999999995,0.0046497577,0.004531859,0.005087615,0.0055774427,0.0044840558,0.0042846154,0.004233245600000001,0.004012938600000001,0.0045179162,0.0044813145999999995,0.0042008131,0.0042303757,0.0042424174,0.0043703274,0.0041407375
0.66,0.0094487695,0.0094240887,0.007585166700000001,0.0072282583,0.0085396751,0.0076094841,0.0088429488,0.0072546046,0.0072131148999999995,0.0069148556,0.006431338,0.006546850799999999,0.0059792976999999995,0.0057244309,0.0063029504,0.007477284800000001,0.0061167527,0.0055446674,0.005999327400000001,0.0061265234,0.0059598717,0.0067471235000000004,0.0057167979999999995,0.0052666666999999995,0.0049078425,0.0052762065,0.005041839100000001,0.0057377788,0.0054786207,0.0052412791,0.0054435762,0.0052896762,0.0045744187,0.0045250682,0.0063873526,0.0056928368,0.004997969499999999,0.0051863177,0.0049167889999999995,0.005410905,0.006000402700000001,0.0047582358,0.0045989754,0.0044422156,0.0042990486,0.0047593162,0.0047631246,0.0044643831,0.0045218457,0.004429097400000001,0.0046387874,0.0044218275
0.68,0.009701969500000001,0.0099251287,0.0083005467,0.0078569683,0.0085569651,0.008323674100000001,0.009067768799999999,0.007855414600000001,0.0078663849,0.0073621256,0.006919858,0.0073714207999999995,0.0060583377,0.0061022009,0.0067732304,0.0082136348,0.0064278827,0.0056712674,0.0067518974,0.0064857034,0.006038781700000001,0.0071095235,0.0059788179999999995,0.0062557467,0.005343322499999999,0.0055265465,0.0054521591,0.0061056588,0.0060579807,0.0055350091,0.0058561562,0.0053399762,0.0052871687,0.0048530082,0.0067106525999999994,0.0055853168,0.0050915495,0.0056530276999999995,0.005201099,0.005527015,0.0064927327,0.0049070158,0.0048986654,0.0047994856,0.004557728600000001,0.0051854862000000005,0.0050243146,0.0047335631,0.0047581157,0.004729507400000001,0.0049204874000000004,0.0047761175000000005
0.7,0.0104681295,0.0103224487,0.009077076699999999,0.0090165183,0.009374855100000001,0.008701804099999998,0.0093423088,0.0084633846,0.008253454900000002,0.0082454656,0.007481338,0.0079324208,0.0062804177,0.0065363609,0.0072964404,0.0082634648,0.006536122700000001,0.0064492274,0.0070493174,0.0068705034,0.0087968117,0.0079484035,0.006180288,0.0074284067,0.0057044025,0.0060373564999999995,0.0060594091000000004,0.0062417988,0.0064034507000000004,0.0058673591,0.0062309462,0.0058037062000000006,0.0059187387,0.0054737282,0.0067704926,0.0059865668,0.0056545695,0.0063650577,0.005697609,0.006038905,0.0070273827,0.0052553458,0.0051499554,0.0050306356,0.004771108600000001,0.005599136199999999,0.0052661845999999995,0.0049678131,0.0049403857,0.0049945074,0.0053042174,0.0049862875
0.72,0.0112204295,0.010946048699999999,0.0092982067,0.0097604983,0.009631995099999999,0.0099103441,0.0105325188,0.008976454600000001,0.008700604900000002,0.0089607256,0.007870198,0.0085735308,0.0068901777,0.0071760409,0.0079141904,0.008718254800000002,0.007413622700000001,0.007154707400000001,0.0076993674,0.007439973399999999,0.0096317517,0.0080281535,0.006633758,0.0081106467,0.0060656024999999995,0.006579156500000001,0.0065835691000000005,0.0069808988,0.006699680699999999,0.0062197491,0.0064464762,0.0057533962,0.0058718887,0.0056687581999999995,0.007321592599999999,0.0058307668,0.0056567195,0.0067825277,0.006440519,0.006272555,0.0074447427000000005,0.0056385958,0.005511165399999999,0.005333665600000001,0.0049520686,0.0059213662,0.0054949546,0.0052331731,0.0051662957,0.005356197400000001,0.0056656574,0.0053220975
0.74,0.011600929500000001,0.0114202487,0.010514226699999999,0.0106451883,0.010458665099999999,0.0106584041,0.0115064188,0.0098762546,0.009476064900000001,0.0093979856,0.008335228,0.0093190708,0.008251427700000001,0.007559660900000001,0.0086309904,0.009503004800000001,0.007970332699999999,0.008056047399999999,0.008542057399999999,0.007812743399999999,0.0095350717,0.008630873499999999,0.006923798,0.0079519767,0.0071977425,0.0071765165,0.006522179100000001,0.0073168288,0.007081750699999999,0.006642219100000001,0.0070811462,0.0063084362,0.0063058187,0.0064154882,0.0078378926,0.0061027968,0.0061504795,0.0068353377,0.006622319,0.006951804999999999,0.0078655427,0.0058072758,0.0057955954,0.0057263356,0.0053168486,0.0060963662,0.0059623746,0.0056761531,0.0055738657,0.005735997400000001,0.0059171874,0.0056351375
0.76,0.0126657295,0.0125921487,0.0117148267,0.0116021883,0.0114072651,0.0117502041,0.012204918799999999,0.011548564600000002,0.0101596849,0.0099521856,0.009638908,0.0097762308,0.009612557700000001,0.0080547309,0.0092279904,0.0101936148,0.0084260727,0.008142827399999998,0.0095019374,0.0083316534,0.010609991699999998,0.0093878535,0.007649298,0.0085444467,0.0075880324999999995,0.0077824565,0.0068967391,0.0074435488,0.0075947007,0.0069615791,0.0071868862,0.0068879162,0.0067605987,0.0071650782,0.0083576426,0.0066343567999999995,0.0067768095,0.0070298877,0.007043239,0.007449145,0.0083857827,0.0060671558000000006,0.0063391954,0.0060056456,0.0056803186,0.0065292162,0.0063425346,0.006173613099999999,0.0059931257,0.006065487400000001,0.0063753174,0.0060131575000000005
0.78,0.0140975295,0.0129779487,0.012347426699999999,0.0127915883,0.0119445651,0.0116073041,0.013050218799999999,0.0135093646,0.010954884900000001,0.0107933256,0.010417438000000001,0.0101128408,0.0105890177,0.0084756609,0.0100652004,0.010596914800000001,0.0094289827,0.0088182674,0.0088071774,0.008682253400000001,0.0118779917,0.0104663035,0.008014078000000001,0.0091701767,0.0080258825,0.0082043365,0.0070005691,0.0077048588,0.0081322207,0.0073380491,0.0077855562,0.0073602162,0.0074768086999999995,0.006926898199999999,0.0084518226,0.007606506800000001,0.0070667295000000005,0.0075789677,0.007530569,0.007942435000000001,0.009146212700000001,0.006612305800000001,0.0065387454,0.006327985600000001,0.0061254486000000006,0.006753686199999999,0.0067579746,0.0065044131,0.0065534157,0.0065369574000000005,0.0067827674000000004,0.0063596975
0.8,0.0154028295,0.0138463487,0.0133418267,0.0127418883,0.0125127651,0.0118167041,0.0139359188,0.014035264600000001,0.0117246849,0.011560425600000002,0.011039638000000001,0.0105788408,0.0108729177,0.0091620709,0.0107595804,0.0111928148,0.009770992700000002,0.0097068574,0.0090553774,0.0090682534,0.0122508917,0.0110321035,0.008502958,0.0097963767,0.008514282500000001,0.008716346499999998,0.0078712691,0.0080783388,0.0085103507,0.007716899100000001,0.008215786200000002,0.007472756200000001,0.0081425887,0.0075508382,0.0086802226,0.008733156800000001,0.0077962895,0.0080193277,0.007971879000000001,0.008197545,0.009709472700000001,0.0070039058,0.0068910154,0.0067474856,0.0065052486,0.0070215462,0.0072717646,0.0069845930999999995,0.0069588457,0.0068930374,0.0071628074,0.0067769275
0.82,0.016199229500000002,0.015021048700000001,0.0138904267,0.0128771883,0.0135848651,0.0124836041,0.0148867188,0.015052664600000001,0.012932084900000002,0.012365825600000001,0.011944938,0.0113070408,0.011420117700000001,0.009749890899999999,0.0118587804,0.0117739148,0.0099753127,0.0101685674,0.0094778574,0.0093187134,0.011972191699999999,0.012075703499999998,0.009045248,0.0100320567,0.0089374825,0.009300236499999998,0.0083830391,0.0092012888,0.0092132107,0.008195039099999999,0.008539076200000002,0.0078237062,0.0089843287,0.0083682582,0.0092387226,0.0086932168,0.008276819500000001,0.0084916377,0.008409739,0.008534074999999999,0.0100487427,0.007441755800000001,0.0074102854,0.007378575599999999,0.006989598600000001,0.0074836062,0.007880214600000001,0.0073521131,0.0075149557,0.0073572374,0.0074937374000000005,0.0070267875
0.84,0.017819429499999997,0.0160033487,0.0144742267,0.0143701883,0.0145373651,0.012864604100000001,0.015496918800000002,0.015527264600000002,0.013799684900000001,0.0133174256,0.012870438000000001,0.012094940799999999,0.011986517700000001,0.012506380899999999,0.012856580400000001,0.0127108148,0.0113158227,0.010981667399999999,0.0100032074,0.0100027334,0.0127355917,0.0131372035,0.009613638,0.0098397767,0.009361032500000002,0.0100477965,0.008743639099999999,0.0099012888,0.0095058707,0.0088342391,0.0091565862,0.0082988762,0.0091711287,0.0086994182,0.0098753026,0.0089172168,0.0091364395,0.009031057700000001,0.008844729,0.008843305,0.0109048227,0.0078948758,0.0078458754,0.0079245556,0.007532118600000001,0.008013126199999998,0.008383754600000001,0.0079392231,0.0079188357,0.0078473074,0.007891177400000001,0.0073538975000000005
0.86,0.0194076295,0.0159363487,0.0154595267,0.0156516883,0.015083665100000001,0.0136123041,0.0168316188,0.0157787646,0.014377384900000002,0.0155884256,0.013350638000000001,0.0134356408,0.0128516177,0.0131784809,0.013906380400000001,0.0132151148,0.0124136227,0.0116606674,0.0107165674,0.0108319634,0.0133037917,0.0139229035,0.009981518,0.010760426699999999,0.0099107025,0.0101662465,0.009089469099999999,0.010932718800000001,0.0102376007,0.0092668491,0.0098870962,0.0095711962,0.009659048699999999,0.0090807682,0.0103612826,0.0088927768,0.0099809195,0.0098317877,0.009405139,0.009648085,0.011756222700000001,0.0084704158,0.008267165400000002,0.008221505600000002,0.0079441086,0.0084828162,0.0086586446,0.0083351131,0.0086456557,0.0084661274,0.0084936574,0.007743597499999999
0.88,0.0196386295,0.0161190487,0.0164160267,0.015879588299999997,0.0166359651,0.0149293041,0.018362418799999995,0.0168912646,0.0155065849,0.0173421256,0.013901338000000001,0.0143609408,0.013560017700000001,0.0140759809,0.0149208804,0.013931414800000002,0.0132912227,0.011877867399999999,0.011579267399999999,0.0119073634,0.013711191699999998,0.0144871035,0.010412938000000002,0.0114983267,0.0104230725,0.0112607465,0.0098131891,0.0114443188,0.012515800700000001,0.0100599491,0.010309566199999998,0.009751316199999999,0.010026218699999999,0.009889598199999999,0.0112481826,0.0095740568,0.0105357595,0.010366517700000001,0.010237699000000001,0.010792824999999999,0.0126699227,0.009115935799999999,0.0088863354,0.008805395600000002,0.0085010486,0.0088829962,0.009207484600000001,0.0088400831,0.0094060857,0.0090649174,0.0093015474,0.008237007499999999
0.9,0.0205658295,0.0170308487,0.017887726700000002,0.017017488299999998,0.0173783651,0.016064404100000002,0.019473318799999997,0.0194319646,0.015881684899999998,0.0182318256,0.015401738000000002,0.016183240800000002,0.014619817700000001,0.0149038809,0.015892380400000003,0.014649714800000001,0.0139054227,0.012529267399999999,0.0133907674,0.0124665634,0.0152134917,0.0155127035,0.011316438000000002,0.0124279267,0.0110519725,0.0121299465,0.0095183891,0.0110868188,0.0137168007,0.0107917691,0.011814566199999998,0.0106809962,0.009960768699999999,0.0105320182,0.0122003826,0.010126966800000001,0.0108917595,0.010520717700000001,0.010980399000000002,0.011538525,0.0134420227,0.0095949158,0.0095961054,0.0095881256,0.009123678599999999,0.0094287362,0.010029074600000002,0.0095996831,0.0100287157,0.009703037400000001,0.009844187400000001,0.0088092075
0.92,0.022033129499999998,0.0183975487,0.019059626700000002,0.0180009883,0.018251565100000002,0.0185457041,0.021493418799999997,0.0205116646,0.0175715849,0.019763825600000003,0.015741038000000002,0.0166729408,0.015548717699999999,0.016102780900000002,0.016425480399999998,0.015564814800000002,0.0145873227,0.0135005674,0.0129780674,0.0132284634,0.0172921917,0.0164051035,0.012040238000000002,0.0129735267,0.011562272500000002,0.0122916465,0.0105025691,0.0113292188,0.0142028007,0.011667869099999999,0.011978066199999998,0.0114585962,0.0100941487,0.0112179182,0.0128006826,0.011087966800000001,0.0114396595,0.0113299177,0.011610699,0.012611124999999999,0.0147863227,0.010288805799999998,0.0101616154,0.0101714256,0.0098885286,0.010213266200000001,0.010816304600000002,0.0101245431,0.0106448657,0.0103466374,0.0105111374,0.009299997499999999
0.94,0.0232881295,0.020281148699999998,0.0201175267,0.0199821883,0.0195559651,0.0196888041,0.0226025188,0.019769764600000003,0.0195158849,0.0193771256,0.017142338,0.017923440800000003,0.0167136177,0.0170944809,0.0171351804,0.016730514800000002,0.0156262227,0.015062467399999998,0.0147738674,0.0138763634,0.0188200917,0.0175242035,0.012910338,0.0136274267,0.013377172500000001,0.0128221465,0.0113262691,0.0121443188,0.015206300700000001,0.012999869099999999,0.012541166199999999,0.0123019962,0.0109616487,0.0120902182,0.013551482600000001,0.012273666800000001,0.0125067595,0.012405017700000001,0.012705899000000001,0.013256625000000001,0.0157834227,0.0107939058,0.0106183154,0.0111729256,0.0105020086,0.010845766199999999,0.0116221046,0.0107398431,0.0112662657,0.0109324374,0.011419337400000002,0.009779687499999998
0.96,0.0251214295,0.0224014487,0.0222047267,0.0211343883,0.020745765100000004,0.0209461041,0.0256759188,0.0223861646,0.0214755849,0.0194047256,0.018581438000000002,0.0188009408,0.018332617699999998,0.0170913809,0.0182290804,0.0179175148,0.016152222699999996,0.016363867400000003,0.016049367400000004,0.014625663399999999,0.0185347917,0.0175040035,0.013492738,0.0143926267,0.013791672500000001,0.0140761465,0.0125819691,0.0133682188,0.0168669007,0.0132595691,0.013420566200000001,0.013155896200000001,0.0118628487,0.0129432182,0.0147159826,0.012824566800000001,0.0133554595,0.013245717700000001,0.013505299,0.014247225,0.015162022700000001,0.0115019058,0.0111326154,0.0118454256,0.0109138086,0.012236166199999999,0.0120656046,0.011454243099999999,0.0117248657,0.0117062374,0.0103731374,0.010362607499999999
0.98,0.0268402295,0.023436548699999997,0.0237295267,0.0232617883,0.022313865100000004,0.022547504100000004,0.027528018799999998,0.0235923646,0.0236153849,0.021296425600000002,0.018970238,0.0200578408,0.0191836177,0.0175890809,0.0195523804,0.018645714799999998,0.0175183227,0.0175580674,0.0173706674,0.0149501634,0.0203475917,0.017745103499999998,0.014910838000000001,0.0149424267,0.013547772500000001,0.0150926465,0.0125449691,0.0148769188,0.017473600699999998,0.014295569099999999,0.014718666200000001,0.0137242962,0.0127259487,0.0140486182,0.015187982600000002,0.0138029668,0.014325359499999999,0.0141654177,0.013968199,0.014751225,0.0162754227,0.0123981058,0.0122006154,0.0129744256,0.0119626086,0.0129176662,0.0126848046,0.0119253431,0.0127558657,0.012902137400000001,0.0104749374,0.010806407499999999
1.0,0.0284674295,0.023394248700000002,0.0250481267,0.025126888299999997,0.024461365100000004,0.023851204100000002,0.029749418799999996,0.0238875646,0.0253047849,0.0225669256,0.021473138000000003,0.021687340800000003,0.020955717699999998,0.0181886809,0.0202474804,0.0202014148,0.019101022699999998,0.0190971674,0.018539467400000002,0.0164598634,0.020902291700000002,0.0188000035,0.015942238,0.015605726700000001,0.0139590725,0.0163265465,0.0133944691,0.0163741188,0.017276800699999997,0.0155364691,0.0156214662,0.0148630962,0.0135145487,0.014658718199999999,0.0162447826,0.0147543668,0.0149673595,0.0157286177,0.015872498999999998,0.015789425,0.017300522699999998,0.0134073058,0.013038315400000002,0.0136655256,0.0128345086,0.014047166199999999,0.013440504600000002,0.0129102431,0.0136216657,0.013947837400000001,0.011176137400000001,0.0114492075
